year,ward_no,ward_name,mean_tree_prob
2016,127,RANGAREDDY NAGAR,0.06060568692725292
2016,119,OLD BOWENPALLY,0.03932131893683181
2016,145,SEETHAPHALMANDI,0.029481166200546395
2016,146,BOUDHA NAGAR,0.03025592088274373
2016,147,BANSILALPET,0.03365424475540382
2016,144,METTUGUDA,0.0626346841277326
2016,148,RAMGOPALPET,0.032588658404038594
2016,150,MONDA  MARKET,0.03149920171737133
2016,136,NEREDMET,0.050961977722332755
2016,141,GOUTHAM NAGAR,0.031701813174559154
2016,140,MALKAJGIRI,0.032972687033691106
2016,139,EAST ANAND BAGH,0.08394801009088698
2016,142,ADDAGUTTA,0.04486297618083332
2016,137,VINAYAK NAGAR,0.03405193009722163
2016,134,ALWAL,0.03904032794593418
2016,132,JEEDIMETLA,0.07492416763875802
2016,CONTONMENT AREA,,0.037984832655105986
2016,120,BALA NAGAR,0.21875349622297768
2016,130,SUBHASH NAGAR,0.039285829055838585
2016,131,QUTHBULLAPUR,0.11667289882065154
2016,121,KUKATPALLY,0.033587346145635855
2016,125,GAJULARAMARAM,0.06194267520136279
2016,124,ALLYWN COLONY,0.04117045606846906
2016,114,K.P.H.B.COLONY,0.05237550982612015
2016,116,ALLAPUR,0.05539062557588995
2016,115,BALAJI NAGAR,0.15637032343909704
2016,117,MOOSAPET,0.03351537770743737
2016,105,GACHIBOWLI,0.14113311075492513
2016,110,CHANDANAGAR,0.06580169797616026
2016,111,BHARATHI NAGAR,0.036236765615378766
2016,106,SERILINGAMPALLY,0.09645712621792102
2016,104,KONDAPUR,0.07203299222824876
2016,109,HAFEEZPET,0.04293910770291408
2016,118,FATEH NAGAR,0.03910375694506677
2016,143,TARNAKA,0.07051868757962175
2016,8,HABSIGUDA,0.1280375171211351
2016,40,RIYASATNAGAR,0.03465885623351728
2016,36,LALITHABAGH,0.03683068298774896
2016,34,TALABCHANCHALAM,0.030373993578202186
2016,22,CHAITHANYAPURI,0.04718948648084729
2016,37,KURMAGUDA,0.030015011706699114
2016,31,REIN BAZAR,0.02955642379118318
2016,29,CHAWANI,0.03451195234493628
2016,38,I.S.SADAN,0.036005660112575
2016,18,LINGOJIGUDA,0.03346258156080568
2016,16,HASTHINAPURAM,0.03216858697448883
2016,20,R.K.PURAM,0.031613813326614386
2016,19,SAROORNAGAR,0.03626045918120256
2016,14,B.N.REDDY NAGAR,0.09135863269058339
2016,12,MANSOORABAD,0.10866010526017601
2016,21,KOTHAPET,0.03485371330108553
2016,11,NAGOLE,0.15214478576316245
2016,10,UPPAL,0.07206060375733755
2016,GRAMPANCHAYAT PEERZADI GUDA,,0.02973183527041286
2016,KALAVANCHA GRAM PANCHAYATH,,0.029151499878926606
2016,13,HAYATHNAGAR,0.06715959205735311
2016,15,VANASTHALIPURAM,0.0464220583707342
2016,26,OLD MALAKPET,0.04390294825860638
2016,17,CHAMPAPET,0.03036699108997202
2016,39,SANTOSH NAGAR,0.03720319638111997
2016,66,LUNGER HOUSE,0.154182248969721
2016,112,RAMACHANDRAPURAM,0.0576357782403296
2016,128,CHINTAL,0.16305992095607538
2016,126,JAGADGIRI GUTTA,0.05640305839621761
2016,129,SURARAM,0.16558345398577823
2016,133,MACHABOLARUM,0.06949117691352846
2016,138,MOULA-ALI,0.031200018341369064
2016,107,MADHAPUR,0.05212008507266765
2016,OU,,0.2560858237238039
2016,149,BEGUMPET,0.07559217295746215
2016,135,VENKATAPURAM,0.035905875873701115
2016,123,HYDER NAGAR,0.04906138298080358
2016,122,VIVEKANANDA NAGAR COLONY,0.02987377596135973
2016,113,PATANCHERUVU,0.10893429337686891
2016,108,MIYAPUR,0.08273843772025917
2016,41,KANCHANBAGH,0.14155898791249302
2016,7,CHILUKA NAGAR,0.08583767691538405
2016,9,RAMANTHAPUR,0.07702308336318978
2016,25,MOOSARAMBAGH,0.036246129824773564
2016,BANDLA GUDA,,0.05881518837248952
2016,28,AZAMPURA,0.035173230953395536
2016,56,KISHAN BAGH,0.044854477795585226
2016,52,PURANAPOOL,0.030925097472913457
2016,59,MAILARDEVPALLY,0.11162971043064751
2016,46,FALAKNUMA,0.039124509896078644
2016,61,ATTAPUR,0.04263901574042526
2016,60,RAJENDRANAGAR,0.14180105007040378
2016,49,GANSIBAZAR,0.03629949415241604
2016,33,MOGHALPURA,0.029312740146260185
2016,47,NAWABSAHEBKUNTA,0.03384884546252471
2016,58,SHASTRIPURAM,0.03824281696464899
2016,54,JAHANUMA,0.0314504684411501
2016,48,SHALIBANDA,0.031169184001313615
2016,53,DOODBOWLI,0.032386024430270326
2016,55,RAMNASTPURA,0.18036010540237338
2016,43,CHANDRAYANGUTTA,0.04982913705978376
2016,44,UPPUGUDA,0.03391268599556399
2016,35,GOWLIPURA,0.03036618681859283
2016,30,DABEERPURA,0.035707715811707896
2016,32,PATHER GATTI,0.035347985133552556
2016,23,GADDIANNARAM,0.03089521080771679
2016,24,SAIDABAD,0.032720235993706354
2016,27,AKBERBAGH,0.04687078347982934
2016,45,JANGAMMET,0.03973367722784445
2016,42,BARKAS,0.05780128030196438
2016,57,SULEMAN NAGAR,0.07099397990925602
2016,74,AHMED NAGAR,0.09148973869559335
2016,92,VENKATESHWARA COLONY,0.13893980021980157
2016,89,GANDHINAGAR,0.03175168482478719
2016,75,RED HILLS,0.038304752753379086
2016,79,HIMAYATNAGAR,0.03117159206451018
2016,88,BHOLAKPUR,0.030389467501751612
2016,86,MUSHEERABAD,0.0379685480912091
2016,85,ADIKMET,0.03194098257316944
2016,87,RAMNAGAR,0.03413047532449088
2016,90,KAVADIGUDA,0.07176853390736045
2016,93,BANJARA HILLS,0.03585245296410821
2016,91,KHAIRTABAD,0.0429506795866524
2016,103,BORABANDA,0.03073608418653914
2016,97,SOMAJIGUDA,0.034692805800269594
2016,98,AMEERPET,0.04501178109003142
2016,101,ERRAGADDA,0.04701822868189652
2016,100,SANATH NAGAR,0.03875374503469987
2016,99,VENGALRAO NAGAR,0.05003872576897969
2016,102,RAHAMATH NAGAR,0.03324701595532805
2016,6,NACHARAM,0.07351617283815888
2016,84,BAGH AMBERPET,0.038838155427732335
2016,81,NALLAKUNTA,0.032797819051010965
2016,80,KACHIGUDA(Barkathpura),0.031898135168073
2016,82,GOLNAKA,0.05026830689102263
2016,83,AMBERPET,0.07845055882997948
2016,51,GOSHA MAHAL,0.04079940775231653
2016,68,TOLICHOWKI,0.0925986629455931
2016,67,GOLCONDA,0.08083007121127674
2016,77,JAMBAGH(Nampally),0.03155161238579471
2016,63,MANGALHAT,0.03538112771912356
2016,71,GUDIMALKAPUR,0.04152632938310038
2016,70,MEHDIPATNAM,0.0313817982387032
2016,76,MALLEPALLY,0.029263963368401782
2016,62,ZIAGUDA,0.04018468370773671
2016,72,ASIF NAGAR,0.029467814293524814
2016,73,VIJAYANAGAR COLONY,0.03323908587082847
2016,5,MALLAPUR,0.0980475529654048
2016,3,CHERLAPALLY,0.09577121802259174
2016,96,YOUSUFGUDA,0.043685677336092396
2016,95,JUBILEE HILLS,0.04190116541062544
2016,50,BEGUM BAZAR,0.037588256764201265
2016,78,GUNFOUNDRY(Abids),0.037858507869230874
2016,65,KARWAN,0.03968795521315513
2016,2,DR.A.S.RAO NAGAR,0.05913750126234875
2016,4,MEERPET H.B.COLONY,0.10425852107404524
2016,1,KAPRA,0.05514506947256335
2016,94,SHAIKPET,0.04519138500753752
2016,64,DATTATHREYA NAGAR,0.029715260517958683
2016,69,NANALNAGAR,0.11812193088306386
2017,127,RANGAREDDY NAGAR,0.07027295837386843
2017,119,OLD BOWENPALLY,0.05064663126430716
2017,145,SEETHAPHALMANDI,0.030073699769797315
2017,146,BOUDHA NAGAR,0.03118361864064761
2017,147,BANSILALPET,0.03833158102372921
2017,144,METTUGUDA,0.07666685259739885
2017,148,RAMGOPALPET,0.03636475343930591
2017,150,MONDA  MARKET,0.03271611066921762
2017,136,NEREDMET,0.06566094236375032
2017,141,GOUTHAM NAGAR,0.03493218960366234
2017,140,MALKAJGIRI,0.03687157333820375
2017,139,EAST ANAND BAGH,0.10156238076559646
2017,142,ADDAGUTTA,0.05558402397080352
2017,137,VINAYAK NAGAR,0.035532906598844484
2017,134,ALWAL,0.044923807524343315
2017,132,JEEDIMETLA,0.1092622019532117
2017,CONTONMENT AREA,,0.07541731726234109
2017,120,BALA NAGAR,0.23485713893456486
2017,130,SUBHASH NAGAR,0.05009275051526831
2017,131,QUTHBULLAPUR,0.14184975803848607
2017,121,KUKATPALLY,0.03609950028203625
2017,125,GAJULARAMARAM,0.07813016493577002
2017,124,ALLYWN COLONY,0.041470551184991225
2017,114,K.P.H.B.COLONY,0.062361626702354164
2017,116,ALLAPUR,0.0652740324541284
2017,115,BALAJI NAGAR,0.1766299653814681
2017,117,MOOSAPET,0.035436266742890334
2017,105,GACHIBOWLI,0.15858995331328207
2017,110,CHANDANAGAR,0.07246171616061974
2017,111,BHARATHI NAGAR,0.040657061890928825
2017,106,SERILINGAMPALLY,0.10357097996201131
2017,104,KONDAPUR,0.07296678802206016
2017,109,HAFEEZPET,0.04306243751194036
2017,118,FATEH NAGAR,0.04088075840061001
2017,143,TARNAKA,0.07438033145315928
2017,8,HABSIGUDA,0.16358878322534023
2017,40,RIYASATNAGAR,0.03743976063044567
2017,36,LALITHABAGH,0.039183700499981454
2017,34,TALABCHANCHALAM,0.030203086311216175
2017,22,CHAITHANYAPURI,0.04834807592673064
2017,37,KURMAGUDA,0.030691296940248698
2017,31,REIN BAZAR,0.030093818872904323
2017,29,CHAWANI,0.039933700228530135
2017,38,I.S.SADAN,0.04134309099419411
2017,18,LINGOJIGUDA,0.03920468068848923
2017,16,HASTHINAPURAM,0.03646503510137478
2017,20,R.K.PURAM,0.03286411141558981
2017,19,SAROORNAGAR,0.04130219252106296
2017,14,B.N.REDDY NAGAR,0.11961816183665536
2017,12,MANSOORABAD,0.13231302129133127
2017,21,KOTHAPET,0.03783263736551583
2017,11,NAGOLE,0.17577973795293944
2017,10,UPPAL,0.08554641933755876
2017,GRAMPANCHAYAT PEERZADI GUDA,,0.03178899828208616
2017,KALAVANCHA GRAM PANCHAYATH,,0.0354701049379594
2017,13,HAYATHNAGAR,0.07831998928390325
2017,15,VANASTHALIPURAM,0.05042862707533596
2017,26,OLD MALAKPET,0.047590837288681256
2017,17,CHAMPAPET,0.0317744076639287
2017,39,SANTOSH NAGAR,0.03941438484873069
2017,66,LUNGER HOUSE,0.17905160537318
2017,112,RAMACHANDRAPURAM,0.07076059174108426
2017,128,CHINTAL,0.22412704347680742
2017,126,JAGADGIRI GUTTA,0.054985039626489235
2017,129,SURARAM,0.1983006553411302
2017,133,MACHABOLARUM,0.08556275122689634
2017,138,MOULA-ALI,0.0334575307237191
2017,107,MADHAPUR,0.05607819049226603
2017,OU,,0.3035436622632128
2017,149,BEGUMPET,0.08275817183224994
2017,135,VENKATAPURAM,0.04119795838908458
2017,123,HYDER NAGAR,0.05838283208611976
2017,122,VIVEKANANDA NAGAR COLONY,0.031132076033908676
2017,113,PATANCHERUVU,0.12511242505451645
2017,108,MIYAPUR,0.09993515942182986
2017,41,KANCHANBAGH,0.1728801171769967
2017,7,CHILUKA NAGAR,0.10085617259359521
2017,9,RAMANTHAPUR,0.08655862722112265
2017,25,MOOSARAMBAGH,0.037003542512704594
2017,BANDLA GUDA,,0.06883604075232076
2017,28,AZAMPURA,0.03654257633568939
2017,56,KISHAN BAGH,0.04738027324238977
2017,52,PURANAPOOL,0.03212973099632262
2017,59,MAILARDEVPALLY,0.13011500935577935
2017,46,FALAKNUMA,0.04639380186143695
2017,61,ATTAPUR,0.047692975741636834
2017,60,RAJENDRANAGAR,0.17403474401036464
2017,49,GANSIBAZAR,0.038932783646627896
2017,33,MOGHALPURA,0.029849836729845154
2017,47,NAWABSAHEBKUNTA,0.037883854007162474
2017,58,SHASTRIPURAM,0.04048905213903035
2017,54,JAHANUMA,0.03218786859012886
2017,48,SHALIBANDA,0.03279889358585403
2017,53,DOODBOWLI,0.03448114581935076
2017,55,RAMNASTPURA,0.1431599347034838
2017,43,CHANDRAYANGUTTA,0.057123255974701144
2017,44,UPPUGUDA,0.03506477002201795
2017,35,GOWLIPURA,0.03153460192723652
2017,30,DABEERPURA,0.03762824797927747
2017,32,PATHER GATTI,0.03549459540445054
2017,23,GADDIANNARAM,0.03125135858816755
2017,24,SAIDABAD,0.035020443256765045
2017,27,AKBERBAGH,0.051079468820191924
2017,45,JANGAMMET,0.0445298158206041
2017,42,BARKAS,0.0738166428226767
2017,57,SULEMAN NAGAR,0.08921372838085848
2017,74,AHMED NAGAR,0.09916110631372729
2017,92,VENKATESHWARA COLONY,0.14251127173917116
2017,89,GANDHINAGAR,0.03385259045500623
2017,75,RED HILLS,0.042493021840628864
2017,79,HIMAYATNAGAR,0.03319907958507211
2017,88,BHOLAKPUR,0.03161192820438348
2017,86,MUSHEERABAD,0.04975772013058578
2017,85,ADIKMET,0.0327991108639197
2017,87,RAMNAGAR,0.03538679801156125
2017,90,KAVADIGUDA,0.07721692600529415
2017,93,BANJARA HILLS,0.04035829215293988
2017,91,KHAIRTABAD,0.04381110693101953
2017,103,BORABANDA,0.03287583833639524
2017,97,SOMAJIGUDA,0.03903106185251002
2017,98,AMEERPET,0.050805632240643786
2017,101,ERRAGADDA,0.052894060986533965
2017,100,SANATH NAGAR,0.038249047990356916
2017,99,VENGALRAO NAGAR,0.062031092364908544
2017,102,RAHAMATH NAGAR,0.04017065816216642
2017,6,NACHARAM,0.08572452103684276
2017,84,BAGH AMBERPET,0.04515153448447746
2017,81,NALLAKUNTA,0.0341872316180482
2017,80,KACHIGUDA(Barkathpura),0.033098530101052286
2017,82,GOLNAKA,0.052071604026028
2017,83,AMBERPET,0.09747087090786566
2017,51,GOSHA MAHAL,0.04556657305588059
2017,68,TOLICHOWKI,0.09806524615793533
2017,67,GOLCONDA,0.10924275899954117
2017,77,JAMBAGH(Nampally),0.03381757517648507
2017,63,MANGALHAT,0.04198461962478752
2017,71,GUDIMALKAPUR,0.04813103816808731
2017,70,MEHDIPATNAM,0.03337027431777515
2017,76,MALLEPALLY,0.031230838765940946
2017,62,ZIAGUDA,0.044149386014525
2017,72,ASIF NAGAR,0.03106851721652804
2017,73,VIJAYANAGAR COLONY,0.03729922066077277
2017,5,MALLAPUR,0.12162130757218677
2017,3,CHERLAPALLY,0.1208146796914268
2017,96,YOUSUFGUDA,0.05486912041076122
2017,95,JUBILEE HILLS,0.04708583711191907
2017,50,BEGUM BAZAR,0.03879010449433431
2017,78,GUNFOUNDRY(Abids),0.0427754170062434
2017,65,KARWAN,0.04317866923346099
2017,2,DR.A.S.RAO NAGAR,0.07855718809944086
2017,4,MEERPET H.B.COLONY,0.11825234916355604
2017,1,KAPRA,0.0638964255563767
2017,94,SHAIKPET,0.05432001331953652
2017,64,DATTATHREYA NAGAR,0.030967227618146347
2017,69,NANALNAGAR,0.13862078103929826
2018,127,RANGAREDDY NAGAR,0.06895693720102827
2018,119,OLD BOWENPALLY,0.04639440027351371
2018,145,SEETHAPHALMANDI,0.030248922114399304
2018,146,BOUDHA NAGAR,0.0314933026138773
2018,147,BANSILALPET,0.03580408655755144
2018,144,METTUGUDA,0.06992568093512357
2018,148,RAMGOPALPET,0.03438311288160431
2018,150,MONDA  MARKET,0.032870114140101804
2018,136,NEREDMET,0.05718788066731569
2018,141,GOUTHAM NAGAR,0.03441694672880698
2018,140,MALKAJGIRI,0.03488364612277619
2018,139,EAST ANAND BAGH,0.08921940657357114
2018,142,ADDAGUTTA,0.05055315272790002
2018,137,VINAYAK NAGAR,0.03578120750055655
2018,134,ALWAL,0.04076702756691598
2018,132,JEEDIMETLA,0.08246359204508351
2018,CONTONMENT AREA,,0.07370720465474567
2018,120,BALA NAGAR,0.2264697048291473
2018,130,SUBHASH NAGAR,0.047831265964746995
2018,131,QUTHBULLAPUR,0.12958871124412405
2018,121,KUKATPALLY,0.03493567867672099
2018,125,GAJULARAMARAM,0.06496862853844874
2018,124,ALLYWN COLONY,0.03949860505318022
2018,114,K.P.H.B.COLONY,0.061753284816265665
2018,116,ALLAPUR,0.06001984063181448
2018,115,BALAJI NAGAR,0.17529131099273987
2018,117,MOOSAPET,0.035804826235793195
2018,105,GACHIBOWLI,0.13572585445153332
2018,110,CHANDANAGAR,0.06810253851614909
2018,111,BHARATHI NAGAR,0.039031383176119684
2018,106,SERILINGAMPALLY,0.0914917154385802
2018,104,KONDAPUR,0.059159846993903725
2018,109,HAFEEZPET,0.04047189917707329
2018,118,FATEH NAGAR,0.040723536538730565
2018,143,TARNAKA,0.06918073427315402
2018,8,HABSIGUDA,0.15240013502334435
2018,40,RIYASATNAGAR,0.0364094866955566
2018,36,LALITHABAGH,0.03744977841794216
2018,34,TALABCHANCHALAM,0.031422079361908745
2018,22,CHAITHANYAPURI,0.050407445232896135
2018,37,KURMAGUDA,0.030899654475849723
2018,31,REIN BAZAR,0.030111384582451883
2018,29,CHAWANI,0.034783802563422256
2018,38,I.S.SADAN,0.04331661648219668
2018,18,LINGOJIGUDA,0.034164867191030096
2018,16,HASTHINAPURAM,0.030622493236565133
2018,20,R.K.PURAM,0.03209298347058419
2018,19,SAROORNAGAR,0.03628292938027673
2018,14,B.N.REDDY NAGAR,0.08755928013467612
2018,12,MANSOORABAD,0.10966960419321842
2018,21,KOTHAPET,0.0391833914287928
2018,11,NAGOLE,0.14783817277935746
2018,10,UPPAL,0.07715070320384518
2018,GRAMPANCHAYAT PEERZADI GUDA,,0.0315219946663713
2018,KALAVANCHA GRAM PANCHAYATH,,0.02963543900985512
2018,13,HAYATHNAGAR,0.057074039175447934
2018,15,VANASTHALIPURAM,0.041662484846916883
2018,26,OLD MALAKPET,0.04766021644128919
2018,17,CHAMPAPET,0.03094294222528378
2018,39,SANTOSH NAGAR,0.037219738636600816
2018,66,LUNGER HOUSE,0.14935869368762758
2018,112,RAMACHANDRAPURAM,0.06405887883118008
2018,128,CHINTAL,0.19884951237599782
2018,126,JAGADGIRI GUTTA,0.05570375665562766
2018,129,SURARAM,0.17068445677630303
2018,133,MACHABOLARUM,0.07341532727573638
2018,138,MOULA-ALI,0.03283097536022982
2018,107,MADHAPUR,0.05053863108283162
2018,OU,,0.28303824904879804
2018,149,BEGUMPET,0.07877331346958255
2018,135,VENKATAPURAM,0.035856399207180666
2018,123,HYDER NAGAR,0.05393960462808347
2018,122,VIVEKANANDA NAGAR COLONY,0.03089712519064468
2018,113,PATANCHERUVU,0.10784750001424986
2018,108,MIYAPUR,0.0902188974084243
2018,41,KANCHANBAGH,0.1357746042756294
2018,7,CHILUKA NAGAR,0.0907696960192016
2018,9,RAMANTHAPUR,0.08200960701749933
2018,25,MOOSARAMBAGH,0.03835152585529689
2018,BANDLA GUDA,,0.05799036876613819
2018,28,AZAMPURA,0.036420665114443175
2018,56,KISHAN BAGH,0.050650795567701454
2018,52,PURANAPOOL,0.0318179419779565
2018,59,MAILARDEVPALLY,0.10244789177572493
2018,46,FALAKNUMA,0.04062733805849192
2018,61,ATTAPUR,0.04653565637217617
2018,60,RAJENDRANAGAR,0.1411317426880199
2018,49,GANSIBAZAR,0.040131543905570624
2018,33,MOGHALPURA,0.0296531433259351
2018,47,NAWABSAHEBKUNTA,0.03610075491816278
2018,58,SHASTRIPURAM,0.036483329908174295
2018,54,JAHANUMA,0.03205710820936144
2018,48,SHALIBANDA,0.03177365691630891
2018,53,DOODBOWLI,0.032772642326378276
2018,55,RAMNASTPURA,0.1165714025751702
2018,43,CHANDRAYANGUTTA,0.05195199700541454
2018,44,UPPUGUDA,0.034475896322521404
2018,35,GOWLIPURA,0.031218194320040814
2018,30,DABEERPURA,0.03738486178411107
2018,32,PATHER GATTI,0.037299895947294666
2018,23,GADDIANNARAM,0.031432894190073384
2018,24,SAIDABAD,0.03415054705833566
2018,27,AKBERBAGH,0.04886551354722353
2018,45,JANGAMMET,0.03867070050401621
2018,42,BARKAS,0.06452945933399896
2018,57,SULEMAN NAGAR,0.0702708126265114
2018,74,AHMED NAGAR,0.08272209150686272
2018,92,VENKATESHWARA COLONY,0.13585822544360046
2018,89,GANDHINAGAR,0.03334952764868586
2018,75,RED HILLS,0.039937148689501115
2018,79,HIMAYATNAGAR,0.03234350508061369
2018,88,BHOLAKPUR,0.031853449634517195
2018,86,MUSHEERABAD,0.04052786672340661
2018,85,ADIKMET,0.033085911470693806
2018,87,RAMNAGAR,0.035640313931207104
2018,90,KAVADIGUDA,0.07419409363203346
2018,93,BANJARA HILLS,0.03814675719770774
2018,91,KHAIRTABAD,0.04289175490419686
2018,103,BORABANDA,0.032718482856271915
2018,97,SOMAJIGUDA,0.03790612103492545
2018,98,AMEERPET,0.04836236415125963
2018,101,ERRAGADDA,0.04832158638859462
2018,100,SANATH NAGAR,0.039582557556626874
2018,99,VENGALRAO NAGAR,0.05998874336472662
2018,102,RAHAMATH NAGAR,0.04178091652381758
2018,6,NACHARAM,0.07505356020308182
2018,84,BAGH AMBERPET,0.04128623207705204
2018,81,NALLAKUNTA,0.03487106340692768
2018,80,KACHIGUDA(Barkathpura),0.03336422694286499
2018,82,GOLNAKA,0.055387697743123424
2018,83,AMBERPET,0.08792470896899224
2018,51,GOSHA MAHAL,0.043979037153395906
2018,68,TOLICHOWKI,0.09155941080796236
2018,67,GOLCONDA,0.09594874743422999
2018,77,JAMBAGH(Nampally),0.03255790062965411
2018,63,MANGALHAT,0.04020098272124022
2018,71,GUDIMALKAPUR,0.04345361204987793
2018,70,MEHDIPATNAM,0.03273958630508795
2018,76,MALLEPALLY,0.03039271599848961
2018,62,ZIAGUDA,0.0438725483045606
2018,72,ASIF NAGAR,0.03071662827388552
2018,73,VIJAYANAGAR COLONY,0.035637136884290106
2018,5,MALLAPUR,0.11315914897245363
2018,3,CHERLAPALLY,0.10047485296258289
2018,96,YOUSUFGUDA,0.05398704717778322
2018,95,JUBILEE HILLS,0.04455413855198458
2018,50,BEGUM BAZAR,0.03915631616472883
2018,78,GUNFOUNDRY(Abids),0.04014122937436534
2018,65,KARWAN,0.04184166631071302
2018,2,DR.A.S.RAO NAGAR,0.06609261842179909
2018,4,MEERPET H.B.COLONY,0.10275392631349875
2018,1,KAPRA,0.04780083796115491
2018,94,SHAIKPET,0.04493515256860344
2018,64,DATTATHREYA NAGAR,0.030864258463643546
2018,69,NANALNAGAR,0.1239864656712951
2019,127,RANGAREDDY NAGAR,0.0632335784404457
2019,119,OLD BOWENPALLY,0.045351213553604955
2019,145,SEETHAPHALMANDI,0.03011764287385051
2019,146,BOUDHA NAGAR,0.03208558743290179
2019,147,BANSILALPET,0.03538914957630891
2019,144,METTUGUDA,0.06176787856830877
2019,148,RAMGOPALPET,0.03397859130718573
2019,150,MONDA  MARKET,0.032580125358850784
2019,136,NEREDMET,0.045222616192641764
2019,141,GOUTHAM NAGAR,0.033534846737231526
2019,140,MALKAJGIRI,0.03400530961822094
2019,139,EAST ANAND BAGH,0.08051420072854287
2019,142,ADDAGUTTA,0.04652234972784935
2019,137,VINAYAK NAGAR,0.03609208678352479
2019,134,ALWAL,0.04047259454899445
2019,132,JEEDIMETLA,0.07067106797162791
2019,CONTONMENT AREA,,0.09492804522963602
2019,120,BALA NAGAR,0.19139121891733912
2019,130,SUBHASH NAGAR,0.04354781504405945
2019,131,QUTHBULLAPUR,0.11256581142996315
2019,121,KUKATPALLY,0.03560571212630578
2019,125,GAJULARAMARAM,0.05579900028130454
2019,124,ALLYWN COLONY,0.0383937378302414
2019,114,K.P.H.B.COLONY,0.05848796638860702
2019,116,ALLAPUR,0.050018322026609566
2019,115,BALAJI NAGAR,0.15416111228749663
2019,117,MOOSAPET,0.03504168232056354
2019,105,GACHIBOWLI,0.11942001825815092
2019,110,CHANDANAGAR,0.06501667281974516
2019,111,BHARATHI NAGAR,0.03732066370303868
2019,106,SERILINGAMPALLY,0.07853762710069788
2019,104,KONDAPUR,0.053579117323667456
2019,109,HAFEEZPET,0.03664471240822382
2019,118,FATEH NAGAR,0.04035340573879135
2019,143,TARNAKA,0.0596751025981038
2019,8,HABSIGUDA,0.12126447049304358
2019,40,RIYASATNAGAR,0.03550566445880731
2019,36,LALITHABAGH,0.03482516192718472
2019,34,TALABCHANCHALAM,0.031437774899767616
2019,22,CHAITHANYAPURI,0.04954746502094904
2019,37,KURMAGUDA,0.03105001495084147
2019,31,REIN BAZAR,0.03039526989477062
2019,29,CHAWANI,0.03488483050277496
2019,38,I.S.SADAN,0.03748714222810905
2019,18,LINGOJIGUDA,0.032917900477077766
2019,16,HASTHINAPURAM,0.02941702708246247
2019,20,R.K.PURAM,0.03150148691643733
2019,19,SAROORNAGAR,0.03552938382115729
2019,14,B.N.REDDY NAGAR,0.06373354385978541
2019,12,MANSOORABAD,0.09245544652940091
2019,21,KOTHAPET,0.03797412064513754
2019,11,NAGOLE,0.12562683135011996
2019,10,UPPAL,0.06558855664605313
2019,GRAMPANCHAYAT PEERZADI GUDA,,0.030382985223807234
2019,KALAVANCHA GRAM PANCHAYATH,,0.028814848467524225
2019,13,HAYATHNAGAR,0.04949576749894936
2019,15,VANASTHALIPURAM,0.03775420257923752
2019,26,OLD MALAKPET,0.043648064412517985
2019,17,CHAMPAPET,0.03048689254877286
2019,39,SANTOSH NAGAR,0.036455025540883694
2019,66,LUNGER HOUSE,0.13527341674807833
2019,112,RAMACHANDRAPURAM,0.04864690245258125
2019,128,CHINTAL,0.16475127373926998
2019,126,JAGADGIRI GUTTA,0.04776628922473904
2019,129,SURARAM,0.15328188111930233
2019,133,MACHABOLARUM,0.06565138438939809
2019,138,MOULA-ALI,0.03273057739173955
2019,107,MADHAPUR,0.04745775084680781
2019,OU,,0.22256691529953337
2019,149,BEGUMPET,0.07177616694887355
2019,135,VENKATAPURAM,0.03459940164170011
2019,123,HYDER NAGAR,0.051996059938268564
2019,122,VIVEKANANDA NAGAR COLONY,0.03142804929196635
2019,113,PATANCHERUVU,0.08712748631714602
2019,108,MIYAPUR,0.08243022791835353
2019,41,KANCHANBAGH,0.1040645132263916
2019,7,CHILUKA NAGAR,0.07257280312699632
2019,9,RAMANTHAPUR,0.07045746074027752
2019,25,MOOSARAMBAGH,0.038099097504703444
2019,BANDLA GUDA,,0.04698418005671409
2019,28,AZAMPURA,0.03628990090901781
2019,56,KISHAN BAGH,0.04803338218674899
2019,52,PURANAPOOL,0.03217119747074784
2019,59,MAILARDEVPALLY,0.08985491404561449
2019,46,FALAKNUMA,0.04014671487167148
2019,61,ATTAPUR,0.044400471855712165
2019,60,RAJENDRANAGAR,0.12009814535613092
2019,49,GANSIBAZAR,0.03805420309666603
2019,33,MOGHALPURA,0.029778858454512353
2019,47,NAWABSAHEBKUNTA,0.03572770409739795
2019,58,SHASTRIPURAM,0.033730780436710704
2019,54,JAHANUMA,0.03195623140694259
2019,48,SHALIBANDA,0.03208617168952979
2019,53,DOODBOWLI,0.032840724364186884
2019,55,RAMNASTPURA,0.11309450200344388
2019,43,CHANDRAYANGUTTA,0.0462402311822342
2019,44,UPPUGUDA,0.03452629035343564
2019,35,GOWLIPURA,0.03085891209007892
2019,30,DABEERPURA,0.036412277286272096
2019,32,PATHER GATTI,0.035468899272032395
2019,23,GADDIANNARAM,0.03058009310313304
2019,24,SAIDABAD,0.03359589639025034
2019,27,AKBERBAGH,0.04544254590188231
2019,45,JANGAMMET,0.038388228677518
2019,42,BARKAS,0.057950577206715044
2019,57,SULEMAN NAGAR,0.06471214282723284
2019,74,AHMED NAGAR,0.07872569157928405
2019,92,VENKATESHWARA COLONY,0.13549049666691382
2019,89,GANDHINAGAR,0.033210121659080494
2019,75,RED HILLS,0.038813910004561844
2019,79,HIMAYATNAGAR,0.03187912748911624
2019,88,BHOLAKPUR,0.031496340879361685
2019,86,MUSHEERABAD,0.040331727217075015
2019,85,ADIKMET,0.03299590463415146
2019,87,RAMNAGAR,0.03547712819463251
2019,90,KAVADIGUDA,0.06728192996986375
2019,93,BANJARA HILLS,0.0383893771835027
2019,91,KHAIRTABAD,0.04289426998974059
2019,103,BORABANDA,0.03210567539868133
2019,97,SOMAJIGUDA,0.037433581430003936
2019,98,AMEERPET,0.04601515508549226
2019,101,ERRAGADDA,0.04585105192671776
2019,100,SANATH NAGAR,0.039471400800927765
2019,99,VENGALRAO NAGAR,0.0567620936398288
2019,102,RAHAMATH NAGAR,0.03989403408569604
2019,6,NACHARAM,0.06044540106500765
2019,84,BAGH AMBERPET,0.039695057081708736
2019,81,NALLAKUNTA,0.034487872292447444
2019,80,KACHIGUDA(Barkathpura),0.03290104923781386
2019,82,GOLNAKA,0.04902399241098205
2019,83,AMBERPET,0.07337943073784708
2019,51,GOSHA MAHAL,0.04056891140753312
2019,68,TOLICHOWKI,0.08318343049936539
2019,67,GOLCONDA,0.0822778016890551
2019,77,JAMBAGH(Nampally),0.03196964003783391
2019,63,MANGALHAT,0.03795866258742198
2019,71,GUDIMALKAPUR,0.04068744844395339
2019,70,MEHDIPATNAM,0.03251288377223158
2019,76,MALLEPALLY,0.030029891072107146
2019,62,ZIAGUDA,0.04010613761294459
2019,72,ASIF NAGAR,0.030477868692035375
2019,73,VIJAYANAGAR COLONY,0.03431423482683296
2019,5,MALLAPUR,0.0915041557884446
2019,3,CHERLAPALLY,0.07754563602663175
2019,96,YOUSUFGUDA,0.052759098607122634
2019,95,JUBILEE HILLS,0.04343787197040702
2019,50,BEGUM BAZAR,0.038140407218850605
2019,78,GUNFOUNDRY(Abids),0.0387706220814704
2019,65,KARWAN,0.03957448394997805
2019,2,DR.A.S.RAO NAGAR,0.058499377184699664
2019,4,MEERPET H.B.COLONY,0.08295075864102774
2019,1,KAPRA,0.04421838574919163
2019,94,SHAIKPET,0.04129771734213407
2019,64,DATTATHREYA NAGAR,0.03056434555795694
2019,69,NANALNAGAR,0.11767063671450932
2020,127,RANGAREDDY NAGAR,0.08292496034530322
2020,119,OLD BOWENPALLY,0.046665460792454504
2020,145,SEETHAPHALMANDI,0.03091941761330224
2020,146,BOUDHA NAGAR,0.0316968633302254
2020,147,BANSILALPET,0.038728465268955424
2020,144,METTUGUDA,0.07556204907455838
2020,148,RAMGOPALPET,0.03670491660662636
2020,150,MONDA  MARKET,0.03418313100734565
2020,136,NEREDMET,0.05474965566558713
2020,141,GOUTHAM NAGAR,0.036114909940472444
2020,140,MALKAJGIRI,0.04316687373347478
2020,139,EAST ANAND BAGH,0.10184083658751439
2020,142,ADDAGUTTA,0.059228893218041825
2020,137,VINAYAK NAGAR,0.037772242256723904
2020,134,ALWAL,0.04682231114160598
2020,132,JEEDIMETLA,0.08659233189936892
2020,CONTONMENT AREA,,0.21310260870243067
2020,120,BALA NAGAR,0.24763726346226697
2020,130,SUBHASH NAGAR,0.04993527955287573
2020,131,QUTHBULLAPUR,0.13726551741146206
2020,121,KUKATPALLY,0.03896960380434261
2020,125,GAJULARAMARAM,0.06630176233863344
2020,124,ALLYWN COLONY,0.0383746303012881
2020,114,K.P.H.B.COLONY,0.07409033408997626
2020,116,ALLAPUR,0.05857056040320356
2020,115,BALAJI NAGAR,0.19274896679456702
2020,117,MOOSAPET,0.03694104730253732
2020,105,GACHIBOWLI,0.14787318620695242
2020,110,CHANDANAGAR,0.07265191602881087
2020,111,BHARATHI NAGAR,0.04251246938241464
2020,106,SERILINGAMPALLY,0.09429980032678985
2020,104,KONDAPUR,0.06475794336851831
2020,109,HAFEEZPET,0.040600276640121724
2020,118,FATEH NAGAR,0.04399352131250828
2020,143,TARNAKA,0.0709440136388863
2020,8,HABSIGUDA,0.1702654221960517
2020,40,RIYASATNAGAR,0.03530503612033173
2020,36,LALITHABAGH,0.03641204778042146
2020,34,TALABCHANCHALAM,0.030972729305382484
2020,22,CHAITHANYAPURI,0.04730514136082155
2020,37,KURMAGUDA,0.03072083941891506
2020,31,REIN BAZAR,0.029726804744936684
2020,29,CHAWANI,0.038008143857259515
2020,38,I.S.SADAN,0.04117516514047553
2020,18,LINGOJIGUDA,0.03535571244420935
2020,16,HASTHINAPURAM,0.0315862931620495
2020,20,R.K.PURAM,0.033304384761133676
2020,19,SAROORNAGAR,0.04101525014880855
2020,14,B.N.REDDY NAGAR,0.08337278858453305
2020,12,MANSOORABAD,0.10735541795903628
2020,21,KOTHAPET,0.03866692632834085
2020,11,NAGOLE,0.15163659914209018
2020,10,UPPAL,0.07755798385347902
2020,GRAMPANCHAYAT PEERZADI GUDA,,0.03268875202440913
2020,KALAVANCHA GRAM PANCHAYATH,,0.030735406471980278
2020,13,HAYATHNAGAR,0.05992082631366752
2020,15,VANASTHALIPURAM,0.04700690201882127
2020,26,OLD MALAKPET,0.0457869713642111
2020,17,CHAMPAPET,0.03143940889798247
2020,39,SANTOSH NAGAR,0.038366908472132664
2020,66,LUNGER HOUSE,0.17381703269967833
2020,112,RAMACHANDRAPURAM,0.059744229800273156
2020,128,CHINTAL,0.23551186670359853
2020,126,JAGADGIRI GUTTA,0.05386400772219019
2020,129,SURARAM,0.1723838100656708
2020,133,MACHABOLARUM,0.07461574534974118
2020,138,MOULA-ALI,0.03586089472565485
2020,107,MADHAPUR,0.055326427909314996
2020,OU,,0.2905999472785177
2020,149,BEGUMPET,0.0839620510779194
2020,135,VENKATAPURAM,0.037395036378599616
2020,123,HYDER NAGAR,0.06243066415723323
2020,122,VIVEKANANDA NAGAR COLONY,0.03201022988402747
2020,113,PATANCHERUVU,0.10165793488679334
2020,108,MIYAPUR,0.10036012294569874
2020,41,KANCHANBAGH,0.13322411179836843
2020,7,CHILUKA NAGAR,0.10006963413838244
2020,9,RAMANTHAPUR,0.08117130099702043
2020,25,MOOSARAMBAGH,0.03802784340969286
2020,BANDLA GUDA,,0.05565058108732435
2020,28,AZAMPURA,0.03788600822454088
2020,56,KISHAN BAGH,0.048248537838268865
2020,52,PURANAPOOL,0.03040764290583809
2020,59,MAILARDEVPALLY,0.1075199948581337
2020,46,FALAKNUMA,0.04411692062585028
2020,61,ATTAPUR,0.04451346695462238
2020,60,RAJENDRANAGAR,0.14936883759199376
2020,49,GANSIBAZAR,0.03764334726865545
2020,33,MOGHALPURA,0.02982436902610386
2020,47,NAWABSAHEBKUNTA,0.03690653798974578
2020,58,SHASTRIPURAM,0.03694387397474712
2020,54,JAHANUMA,0.031546298276478105
2020,48,SHALIBANDA,0.03194346448976548
2020,53,DOODBOWLI,0.03343986549663916
2020,55,RAMNASTPURA,0.13226810471384579
2020,43,CHANDRAYANGUTTA,0.053888002228257646
2020,44,UPPUGUDA,0.03475212781601141
2020,35,GOWLIPURA,0.030794020736717956
2020,30,DABEERPURA,0.03797894101634672
2020,32,PATHER GATTI,0.03599599228565811
2020,23,GADDIANNARAM,0.03143207379844993
2020,24,SAIDABAD,0.03547862582919141
2020,27,AKBERBAGH,0.05258266300381931
2020,45,JANGAMMET,0.04186815671502033
2020,42,BARKAS,0.0668991057858187
2020,57,SULEMAN NAGAR,0.07723022738251835
2020,74,AHMED NAGAR,0.09505726300490981
2020,92,VENKATESHWARA COLONY,0.1523712481042797
2020,89,GANDHINAGAR,0.03402572383673333
2020,75,RED HILLS,0.04196016371794199
2020,79,HIMAYATNAGAR,0.033180569000886624
2020,88,BHOLAKPUR,0.03182224679530367
2020,86,MUSHEERABAD,0.048322605878340336
2020,85,ADIKMET,0.03402670486046551
2020,87,RAMNAGAR,0.03850767015437339
2020,90,KAVADIGUDA,0.08328160530797277
2020,93,BANJARA HILLS,0.04175742800638965
2020,91,KHAIRTABAD,0.04588070128105376
2020,103,BORABANDA,0.03324128932549199
2020,97,SOMAJIGUDA,0.03957059165911426
2020,98,AMEERPET,0.05258475813246059
2020,101,ERRAGADDA,0.05656846979126127
2020,100,SANATH NAGAR,0.042622903698172676
2020,99,VENGALRAO NAGAR,0.06932464840247338
2020,102,RAHAMATH NAGAR,0.04072484083141252
2020,6,NACHARAM,0.07956305913684213
2020,84,BAGH AMBERPET,0.044734667632356555
2020,81,NALLAKUNTA,0.03548892137106275
2020,80,KACHIGUDA(Barkathpura),0.033776842551473354
2020,82,GOLNAKA,0.05260283013163891
2020,83,AMBERPET,0.0889432333704191
2020,51,GOSHA MAHAL,0.04326189769618799
2020,68,TOLICHOWKI,0.10419216659499193
2020,67,GOLCONDA,0.11117065371838601
2020,77,JAMBAGH(Nampally),0.033188660290442054
2020,63,MANGALHAT,0.04302419822017029
2020,71,GUDIMALKAPUR,0.049390477748467235
2020,70,MEHDIPATNAM,0.03284088405540836
2020,76,MALLEPALLY,0.03033449972242796
2020,62,ZIAGUDA,0.0409496056482105
2020,72,ASIF NAGAR,0.030413116533809854
2020,73,VIJAYANAGAR COLONY,0.036055097005228263
2020,5,MALLAPUR,0.12774677290777062
2020,3,CHERLAPALLY,0.1133403101476002
2020,96,YOUSUFGUDA,0.0592410396359077
2020,95,JUBILEE HILLS,0.04804754804903424
2020,50,BEGUM BAZAR,0.040024879456229304
2020,78,GUNFOUNDRY(Abids),0.04229554422870212
2020,65,KARWAN,0.03972628982232997
2020,2,DR.A.S.RAO NAGAR,0.07541377630712799
2020,4,MEERPET H.B.COLONY,0.09698434062330098
2020,1,KAPRA,0.05174218013072109
2020,94,SHAIKPET,0.04777895447608305
2020,64,DATTATHREYA NAGAR,0.030354353199359956
2020,69,NANALNAGAR,0.1623785445129556
2021,127,RANGAREDDY NAGAR,0.07739195387020091
2021,119,OLD BOWENPALLY,0.037723234386134244
2021,145,SEETHAPHALMANDI,0.03188342999518315
2021,146,BOUDHA NAGAR,0.032984346726660674
2021,147,BANSILALPET,0.03825916827677254
2021,144,METTUGUDA,0.0716479471627616
2021,148,RAMGOPALPET,0.03699821229382766
2021,150,MONDA  MARKET,0.03532086704859753
2021,136,NEREDMET,0.05613330086920689
2021,141,GOUTHAM NAGAR,0.03786469241141914
2021,140,MALKAJGIRI,0.04758737213241951
2021,139,EAST ANAND BAGH,0.0927606350864387
2021,142,ADDAGUTTA,0.059227289204993386
2021,137,VINAYAK NAGAR,0.03936038882984958
2021,134,ALWAL,0.04480368296950539
2021,132,JEEDIMETLA,0.08009078151418896
2021,CONTONMENT AREA,,0.23094234825220178
2021,120,BALA NAGAR,0.22979431852114338
2021,130,SUBHASH NAGAR,0.048895022221068264
2021,131,QUTHBULLAPUR,0.12856190692748254
2021,121,KUKATPALLY,0.040172177743852414
2021,125,GAJULARAMARAM,0.06532194881625464
2021,124,ALLYWN COLONY,0.03945289339921795
2021,114,K.P.H.B.COLONY,0.06615193511326557
2021,116,ALLAPUR,0.05340482066058229
2021,115,BALAJI NAGAR,0.17821119074192907
2021,117,MOOSAPET,0.03644037699066608
2021,105,GACHIBOWLI,0.12458894815917693
2021,110,CHANDANAGAR,0.06630259674341978
2021,111,BHARATHI NAGAR,0.04309666172309595
2021,106,SERILINGAMPALLY,0.08184791687479744
2021,104,KONDAPUR,0.05904703525166382
2021,109,HAFEEZPET,0.040081005328752875
2021,118,FATEH NAGAR,0.04197941141461976
2021,143,TARNAKA,0.07063641723671218
2021,8,HABSIGUDA,0.1581491652708691
2021,40,RIYASATNAGAR,0.03570338225937689
2021,36,LALITHABAGH,0.037807109477140735
2021,34,TALABCHANCHALAM,0.031906136956686995
2021,22,CHAITHANYAPURI,0.044767875771682245
2021,37,KURMAGUDA,0.032140997366640355
2021,31,REIN BAZAR,0.03067738625557121
2021,29,CHAWANI,0.03748934655206339
2021,38,I.S.SADAN,0.04132558556993245
2021,18,LINGOJIGUDA,0.03270373500216457
2021,16,HASTHINAPURAM,0.03206522346079505
2021,20,R.K.PURAM,0.03384669740038026
2021,19,SAROORNAGAR,0.03921893938119698
2021,14,B.N.REDDY NAGAR,0.08155990960210314
2021,12,MANSOORABAD,0.09667002927525487
2021,21,KOTHAPET,0.03655285580963586
2021,11,NAGOLE,0.13467958452889173
2021,10,UPPAL,0.07299144356118753
2021,GRAMPANCHAYAT PEERZADI GUDA,,0.032270658860591946
2021,KALAVANCHA GRAM PANCHAYATH,,0.03176746685147216
2021,13,HAYATHNAGAR,0.05401091672336014
2021,15,VANASTHALIPURAM,0.04511715432140999
2021,26,OLD MALAKPET,0.04551311592371947
2021,17,CHAMPAPET,0.03198898594094152
2021,39,SANTOSH NAGAR,0.03893677856137645
2021,66,LUNGER HOUSE,0.16307738849349895
2021,112,RAMACHANDRAPURAM,0.059524343667435545
2021,128,CHINTAL,0.21149376237298392
2021,126,JAGADGIRI GUTTA,0.05021224477936225
2021,129,SURARAM,0.1511688943981337
2021,133,MACHABOLARUM,0.07478044973689484
2021,138,MOULA-ALI,0.036829509511792195
2021,107,MADHAPUR,0.04986908546990173
2021,OU,,0.2939464008188259
2021,149,BEGUMPET,0.08207933700971223
2021,135,VENKATAPURAM,0.03813467712984579
2021,123,HYDER NAGAR,0.051974589781593285
2021,122,VIVEKANANDA NAGAR COLONY,0.032889174311775474
2021,113,PATANCHERUVU,0.10174204799395571
2021,108,MIYAPUR,0.08263770064075064
2021,41,KANCHANBAGH,0.12435337889654036
2021,7,CHILUKA NAGAR,0.09389939868952378
2021,9,RAMANTHAPUR,0.08312557328876143
2021,25,MOOSARAMBAGH,0.03772110639158051
2021,BANDLA GUDA,,0.05495113987794698
2021,28,AZAMPURA,0.035223570642939954
2021,56,KISHAN BAGH,0.05051674685470669
2021,52,PURANAPOOL,0.031106933013873937
2021,59,MAILARDEVPALLY,0.0978663797582012
2021,46,FALAKNUMA,0.04148175263507668
2021,61,ATTAPUR,0.0431953567900165
2021,60,RAJENDRANAGAR,0.13983634134200132
2021,49,GANSIBAZAR,0.0384907484469413
2021,33,MOGHALPURA,0.030443501779338474
2021,47,NAWABSAHEBKUNTA,0.036874664301602744
2021,58,SHASTRIPURAM,0.03535640200212896
2021,54,JAHANUMA,0.03267507085815338
2021,48,SHALIBANDA,0.03219307997319154
2021,53,DOODBOWLI,0.03325381543600517
2021,55,RAMNASTPURA,0.16325778804051075
2021,43,CHANDRAYANGUTTA,0.05158180884568032
2021,44,UPPUGUDA,0.034488842993368095
2021,35,GOWLIPURA,0.03181993769000001
2021,30,DABEERPURA,0.03718792394400087
2021,32,PATHER GATTI,0.03645587696774411
2021,23,GADDIANNARAM,0.031949866711695966
2021,24,SAIDABAD,0.038013060070980764
2021,27,AKBERBAGH,0.054174968061852784
2021,45,JANGAMMET,0.041693222057914904
2021,42,BARKAS,0.05879107396467501
2021,57,SULEMAN NAGAR,0.06473720315931672
2021,74,AHMED NAGAR,0.08561165964350906
2021,92,VENKATESHWARA COLONY,0.1244825429284933
2021,89,GANDHINAGAR,0.034793540618667206
2021,75,RED HILLS,0.04371572963339964
2021,79,HIMAYATNAGAR,0.033401638070368986
2021,88,BHOLAKPUR,0.03260641927470997
2021,86,MUSHEERABAD,0.04236185830934479
2021,85,ADIKMET,0.03460108434478878
2021,87,RAMNAGAR,0.03678789079399234
2021,90,KAVADIGUDA,0.0817562193284251
2021,93,BANJARA HILLS,0.04029653953725012
2021,91,KHAIRTABAD,0.04545544141794777
2021,103,BORABANDA,0.033487474406951726
2021,97,SOMAJIGUDA,0.03895066767300505
2021,98,AMEERPET,0.047712238919163194
2021,101,ERRAGADDA,0.051525383829351734
2021,100,SANATH NAGAR,0.04298348866244298
2021,99,VENGALRAO NAGAR,0.06255088991226261
2021,102,RAHAMATH NAGAR,0.03942167432383534
2021,6,NACHARAM,0.07257668063186708
2021,84,BAGH AMBERPET,0.04526845301331435
2021,81,NALLAKUNTA,0.03655714567162568
2021,80,KACHIGUDA(Barkathpura),0.034349738473346325
2021,82,GOLNAKA,0.04989105373301999
2021,83,AMBERPET,0.08785768336316656
2021,51,GOSHA MAHAL,0.0436582830054986
2021,68,TOLICHOWKI,0.10272935680994004
2021,67,GOLCONDA,0.11246377141007494
2021,77,JAMBAGH(Nampally),0.03384602762821785
2021,63,MANGALHAT,0.041390837958570265
2021,71,GUDIMALKAPUR,0.046054433905391705
2021,70,MEHDIPATNAM,0.03357041930294196
2021,76,MALLEPALLY,0.03185191787042978
2021,62,ZIAGUDA,0.04204355287132332
2021,72,ASIF NAGAR,0.03177829164978473
2021,73,VIJAYANAGAR COLONY,0.0380372787206514
2021,5,MALLAPUR,0.11152218345387745
2021,3,CHERLAPALLY,0.10658486146261544
2021,96,YOUSUFGUDA,0.052367982651391025
2021,95,JUBILEE HILLS,0.04554030164554242
2021,50,BEGUM BAZAR,0.041232190706181546
2021,78,GUNFOUNDRY(Abids),0.04253526368481193
2021,65,KARWAN,0.03749676955010042
2021,2,DR.A.S.RAO NAGAR,0.07116297727967166
2021,4,MEERPET H.B.COLONY,0.07928330166058123
2021,1,KAPRA,0.0478772582223325
2021,94,SHAIKPET,0.04321478036592481
2021,64,DATTATHREYA NAGAR,0.03168586525530153
2021,69,NANALNAGAR,0.1477794720923869
2022,127,RANGAREDDY NAGAR,0.0677951880813109
2022,119,OLD BOWENPALLY,0.03246598202794741
2022,145,SEETHAPHALMANDI,0.030359159020574955
2022,146,BOUDHA NAGAR,0.03151699007235095
2022,147,BANSILALPET,0.03562891824094555
2022,144,METTUGUDA,0.06110493524184606
2022,148,RAMGOPALPET,0.03499754910074639
2022,150,MONDA  MARKET,0.03354515731216046
2022,136,NEREDMET,0.04924850400726074
2022,141,GOUTHAM NAGAR,0.035542419799962775
2022,140,MALKAJGIRI,0.04024993915618088
2022,139,EAST ANAND BAGH,0.09075545002640946
2022,142,ADDAGUTTA,0.05278891545216129
2022,137,VINAYAK NAGAR,0.03837972288284101
2022,134,ALWAL,0.03944757624588439
2022,132,JEEDIMETLA,0.065885298330109
2022,CONTONMENT AREA,,0.22743636755434501
2022,120,BALA NAGAR,0.19965593114472488
2022,130,SUBHASH NAGAR,0.044240436636590115
2022,131,QUTHBULLAPUR,0.12012039056816604
2022,121,KUKATPALLY,0.03360793105937205
2022,125,GAJULARAMARAM,0.06003967994096592
2022,124,ALLYWN COLONY,0.03381706799941213
2022,114,K.P.H.B.COLONY,0.06159133025396546
2022,116,ALLAPUR,0.05053606934615665
2022,115,BALAJI NAGAR,0.15964489995472878
2022,117,MOOSAPET,0.034135282702078766
2022,105,GACHIBOWLI,0.12253292640567467
2022,110,CHANDANAGAR,0.06955199285462707
2022,111,BHARATHI NAGAR,0.038485060522156785
2022,106,SERILINGAMPALLY,0.0718703365818559
2022,104,KONDAPUR,0.054870073089472095
2022,109,HAFEEZPET,0.03701215235757172
2022,118,FATEH NAGAR,0.03871079880523785
2022,143,TARNAKA,0.0649484362107815
2022,8,HABSIGUDA,0.14978696037390876
2022,40,RIYASATNAGAR,0.033639136014137455
2022,36,LALITHABAGH,0.03608144093986444
2022,34,TALABCHANCHALAM,0.03071492562443072
2022,22,CHAITHANYAPURI,0.04459945455480598
2022,37,KURMAGUDA,0.03080462441916752
2022,31,REIN BAZAR,0.02981631870846399
2022,29,CHAWANI,0.03593160490614508
2022,38,I.S.SADAN,0.03623792684721896
2022,18,LINGOJIGUDA,0.030620270709620905
2022,16,HASTHINAPURAM,0.029569443065434107
2022,20,R.K.PURAM,0.03314866112853588
2022,19,SAROORNAGAR,0.040397556129400755
2022,14,B.N.REDDY NAGAR,0.07591415854346296
2022,12,MANSOORABAD,0.10170693850108553
2022,21,KOTHAPET,0.0357939320403838
2022,11,NAGOLE,0.13991599838236077
2022,10,UPPAL,0.06176669469704158
2022,GRAMPANCHAYAT PEERZADI GUDA,,0.030786401442994105
2022,KALAVANCHA GRAM PANCHAYATH,,0.02858436086967986
2022,13,HAYATHNAGAR,0.05093662430183477
2022,15,VANASTHALIPURAM,0.042475722441876335
2022,26,OLD MALAKPET,0.04330269201415708
2022,17,CHAMPAPET,0.03045974853528853
2022,39,SANTOSH NAGAR,0.03509105250249669
2022,66,LUNGER HOUSE,0.16097141789315178
2022,112,RAMACHANDRAPURAM,0.053581656696063774
2022,128,CHINTAL,0.20710568845764818
2022,126,JAGADGIRI GUTTA,0.03901656219374827
2022,129,SURARAM,0.15677369295918767
2022,133,MACHABOLARUM,0.06826809634589341
2022,138,MOULA-ALI,0.03515207121604578
2022,107,MADHAPUR,0.047312895741089094
2022,OU,,0.2835261857217455
2022,149,BEGUMPET,0.07525526184245375
2022,135,VENKATAPURAM,0.034883783937538014
2022,123,HYDER NAGAR,0.05066519473875772
2022,122,VIVEKANANDA NAGAR COLONY,0.031211222784335624
2022,113,PATANCHERUVU,0.08882605446015038
2022,108,MIYAPUR,0.08702923608768098
2022,41,KANCHANBAGH,0.10471916764227407
2022,7,CHILUKA NAGAR,0.08723664497222118
2022,9,RAMANTHAPUR,0.06621110072399174
2022,25,MOOSARAMBAGH,0.03605464497219333
2022,BANDLA GUDA,,0.048468553588672296
2022,28,AZAMPURA,0.032823646667781446
2022,56,KISHAN BAGH,0.042737745938781276
2022,52,PURANAPOOL,0.029671779453580183
2022,59,MAILARDEVPALLY,0.09562834681284191
2022,46,FALAKNUMA,0.04148491041007919
2022,61,ATTAPUR,0.03789559821992436
2022,60,RAJENDRANAGAR,0.14010127791666863
2022,49,GANSIBAZAR,0.03569002682060799
2022,33,MOGHALPURA,0.02944062904661153
2022,47,NAWABSAHEBKUNTA,0.03530034119314374
2022,58,SHASTRIPURAM,0.03408529208556183
2022,54,JAHANUMA,0.03129157971936877
2022,48,SHALIBANDA,0.0308386546436836
2022,53,DOODBOWLI,0.03195063930072929
2022,55,RAMNASTPURA,0.13078058820134794
2022,43,CHANDRAYANGUTTA,0.043518135965576625
2022,44,UPPUGUDA,0.032884285615589974
2022,35,GOWLIPURA,0.03075056546681621
2022,30,DABEERPURA,0.035370221018487705
2022,32,PATHER GATTI,0.03424446795376641
2022,23,GADDIANNARAM,0.030556097344288578
2022,24,SAIDABAD,0.03627200124386333
2022,27,AKBERBAGH,0.05257316664409853
2022,45,JANGAMMET,0.04002522187456086
2022,42,BARKAS,0.05656519026142453
2022,57,SULEMAN NAGAR,0.06356534773141573
2022,74,AHMED NAGAR,0.07651823938240815
2022,92,VENKATESHWARA COLONY,0.12617950001998918
2022,89,GANDHINAGAR,0.03344961262237944
2022,75,RED HILLS,0.04140688989017826
2022,79,HIMAYATNAGAR,0.032376414675016306
2022,88,BHOLAKPUR,0.03166295997273229
2022,86,MUSHEERABAD,0.03887473531362517
2022,85,ADIKMET,0.03271209109068966
2022,87,RAMNAGAR,0.03464082175260128
2022,90,KAVADIGUDA,0.07508724245172389
2022,93,BANJARA HILLS,0.037729312272225604
2022,91,KHAIRTABAD,0.043231400088748366
2022,103,BORABANDA,0.032271971758008694
2022,97,SOMAJIGUDA,0.037039775451623125
2022,98,AMEERPET,0.043449483137956504
2022,101,ERRAGADDA,0.048304399383083736
2022,100,SANATH NAGAR,0.03772529614280998
2022,99,VENGALRAO NAGAR,0.05412287687565976
2022,102,RAHAMATH NAGAR,0.03735436574670366
2022,6,NACHARAM,0.07036881678877036
2022,84,BAGH AMBERPET,0.043769413188258846
2022,81,NALLAKUNTA,0.03503579598791039
2022,80,KACHIGUDA(Barkathpura),0.03297348113983937
2022,82,GOLNAKA,0.04587520050119849
2022,83,AMBERPET,0.08426049127532975
2022,51,GOSHA MAHAL,0.03993341177159555
2022,68,TOLICHOWKI,0.09761729682231363
2022,67,GOLCONDA,0.09737230529148717
2022,77,JAMBAGH(Nampally),0.03236345664981955
2022,63,MANGALHAT,0.0378960585719604
2022,71,GUDIMALKAPUR,0.04419373326933341
2022,70,MEHDIPATNAM,0.031899004004147365
2022,76,MALLEPALLY,0.03031164272009269
2022,62,ZIAGUDA,0.03734542851511327
2022,72,ASIF NAGAR,0.030041432205608763
2022,73,VIJAYANAGAR COLONY,0.03517207694028527
2022,5,MALLAPUR,0.10826984513934115
2022,3,CHERLAPALLY,0.0961664595901998
2022,96,YOUSUFGUDA,0.050570678245807424
2022,95,JUBILEE HILLS,0.041993485764464336
2022,50,BEGUM BAZAR,0.03852462873411641
2022,78,GUNFOUNDRY(Abids),0.039512897043008074
2022,65,KARWAN,0.0347796983696115
2022,2,DR.A.S.RAO NAGAR,0.06373165641575462
2022,4,MEERPET H.B.COLONY,0.07037360725259474
2022,1,KAPRA,0.041881596792969766
2022,94,SHAIKPET,0.0396523827340262
2022,64,DATTATHREYA NAGAR,0.029967076580169106
2022,69,NANALNAGAR,0.1341404322210579
2023,127,RANGAREDDY NAGAR,0.08106826702742428
2023,119,OLD BOWENPALLY,0.034442077981641214
2023,145,SEETHAPHALMANDI,0.030917009875661938
2023,146,BOUDHA NAGAR,0.03186700548139855
2023,147,BANSILALPET,0.03726132429860262
2023,144,METTUGUDA,0.06826232548091776
2023,148,RAMGOPALPET,0.03667195307110764
2023,150,MONDA  MARKET,0.03473427001719999
2023,136,NEREDMET,0.05289553611972991
2023,141,GOUTHAM NAGAR,0.037546078784718634
2023,140,MALKAJGIRI,0.04030154106026436
2023,139,EAST ANAND BAGH,0.08747538809959347
2023,142,ADDAGUTTA,0.057431471860575074
2023,137,VINAYAK NAGAR,0.04144065663662751
2023,134,ALWAL,0.04171471637509424
2023,132,JEEDIMETLA,0.08048348452597098
2023,CONTONMENT AREA,,0.31625038175252473
2023,120,BALA NAGAR,0.2168649880331819
2023,130,SUBHASH NAGAR,0.04985417988401094
2023,131,QUTHBULLAPUR,0.13666615758533734
2023,121,KUKATPALLY,0.03397605856227678
2023,125,GAJULARAMARAM,0.060772706580885356
2023,124,ALLYWN COLONY,0.03445630538977753
2023,114,K.P.H.B.COLONY,0.06630489177610772
2023,116,ALLAPUR,0.050560994696546284
2023,115,BALAJI NAGAR,0.1699683211572904
2023,117,MOOSAPET,0.035138473173586274
2023,105,GACHIBOWLI,0.1289465042186486
2023,110,CHANDANAGAR,0.07300597932556628
2023,111,BHARATHI NAGAR,0.04178935378079419
2023,106,SERILINGAMPALLY,0.07029949715458798
2023,104,KONDAPUR,0.05787898815197834
2023,109,HAFEEZPET,0.03907176930884565
2023,118,FATEH NAGAR,0.039640519875375986
2023,143,TARNAKA,0.06467937037431702
2023,8,HABSIGUDA,0.14236330843949888
2023,40,RIYASATNAGAR,0.03347787120787103
2023,36,LALITHABAGH,0.03525409130563956
2023,34,TALABCHANCHALAM,0.031014524379636657
2023,22,CHAITHANYAPURI,0.04372709818845931
2023,37,KURMAGUDA,0.031170555316975688
2023,31,REIN BAZAR,0.02985369455834393
2023,29,CHAWANI,0.03664362713256139
2023,38,I.S.SADAN,0.036185619203511064
2023,18,LINGOJIGUDA,0.03007271509976929
2023,16,HASTHINAPURAM,0.030398464174905
2023,20,R.K.PURAM,0.03268347112849026
2023,19,SAROORNAGAR,0.03788763499578354
2023,14,B.N.REDDY NAGAR,0.07638049187459436
2023,12,MANSOORABAD,0.0974969268118781
2023,21,KOTHAPET,0.03519733493438768
2023,11,NAGOLE,0.1371637223077225
2023,10,UPPAL,0.05932072784612406
2023,GRAMPANCHAYAT PEERZADI GUDA,,0.0318714512768527
2023,KALAVANCHA GRAM PANCHAYATH,,0.029827195075777434
2023,13,HAYATHNAGAR,0.04834492807804461
2023,15,VANASTHALIPURAM,0.04359306246572989
2023,26,OLD MALAKPET,0.04248607546634849
2023,17,CHAMPAPET,0.03097547729054981
2023,39,SANTOSH NAGAR,0.03627788307723398
2023,66,LUNGER HOUSE,0.17055486017951482
2023,112,RAMACHANDRAPURAM,0.05729995717667219
2023,128,CHINTAL,0.22933107010727033
2023,126,JAGADGIRI GUTTA,0.03806440455335444
2023,129,SURARAM,0.1618507567517138
2023,133,MACHABOLARUM,0.07181842249462381
2023,138,MOULA-ALI,0.036566283451833125
2023,107,MADHAPUR,0.048946186709218624
2023,OU,,0.2720174346908318
2023,149,BEGUMPET,0.07957261035343945
2023,135,VENKATAPURAM,0.03826901518869952
2023,123,HYDER NAGAR,0.05144047373351442
2023,122,VIVEKANANDA NAGAR COLONY,0.031886648929896934
2023,113,PATANCHERUVU,0.09306524654876432
2023,108,MIYAPUR,0.09071081015618138
2023,41,KANCHANBAGH,0.09895500200617857
2023,7,CHILUKA NAGAR,0.07894384660350678
2023,9,RAMANTHAPUR,0.05858317618467494
2023,25,MOOSARAMBAGH,0.03535796017309546
2023,BANDLA GUDA,,0.05090600439263866
2023,28,AZAMPURA,0.033507829194671455
2023,56,KISHAN BAGH,0.04357117753988438
2023,52,PURANAPOOL,0.029144618488687515
2023,59,MAILARDEVPALLY,0.09376263617915823
2023,46,FALAKNUMA,0.0426581129234501
2023,61,ATTAPUR,0.037790163061316086
2023,60,RAJENDRANAGAR,0.14466497989330346
2023,49,GANSIBAZAR,0.03547732173152667
2023,33,MOGHALPURA,0.02924135846222646
2023,47,NAWABSAHEBKUNTA,0.035962129509683916
2023,58,SHASTRIPURAM,0.035347907668639565
2023,54,JAHANUMA,0.032101161561960405
2023,48,SHALIBANDA,0.031063866308314106
2023,53,DOODBOWLI,0.03248910813130037
2023,55,RAMNASTPURA,0.15155712298716753
2023,43,CHANDRAYANGUTTA,0.045524798820214984
2023,44,UPPUGUDA,0.03244928852960242
2023,35,GOWLIPURA,0.030490852736434017
2023,30,DABEERPURA,0.03637605980098844
2023,32,PATHER GATTI,0.0344899083303763
2023,23,GADDIANNARAM,0.03033297189371979
2023,24,SAIDABAD,0.03769327094567716
2023,27,AKBERBAGH,0.05677357770583362
2023,45,JANGAMMET,0.038937169765832315
2023,42,BARKAS,0.056444019132616485
2023,57,SULEMAN NAGAR,0.0657016417079815
2023,74,AHMED NAGAR,0.08984022897660572
2023,92,VENKATESHWARA COLONY,0.1273045793162506
2023,89,GANDHINAGAR,0.034242816096751935
2023,75,RED HILLS,0.04346326055564598
2023,79,HIMAYATNAGAR,0.033005041464277976
2023,88,BHOLAKPUR,0.032065114610627415
2023,86,MUSHEERABAD,0.040778442592868815
2023,85,ADIKMET,0.03394981587334625
2023,87,RAMNAGAR,0.03638797305297096
2023,90,KAVADIGUDA,0.07859022523096726
2023,93,BANJARA HILLS,0.04083166690947492
2023,91,KHAIRTABAD,0.04378040259399621
2023,103,BORABANDA,0.03232322682532106
2023,97,SOMAJIGUDA,0.0386791864204211
2023,98,AMEERPET,0.048139916011888315
2023,101,ERRAGADDA,0.04744709739154924
2023,100,SANATH NAGAR,0.04171521208456517
2023,99,VENGALRAO NAGAR,0.04953163817254837
2023,102,RAHAMATH NAGAR,0.03658124289057099
2023,6,NACHARAM,0.06663979822089855
2023,84,BAGH AMBERPET,0.04646142799311557
2023,81,NALLAKUNTA,0.0354849398536736
2023,80,KACHIGUDA(Barkathpura),0.034268591348727714
2023,82,GOLNAKA,0.046363505178271376
2023,83,AMBERPET,0.0825950714089921
2023,51,GOSHA MAHAL,0.03898316546777125
2023,68,TOLICHOWKI,0.08335913611078875
2023,67,GOLCONDA,0.08971423655379678
2023,77,JAMBAGH(Nampally),0.03317784580618456
2023,63,MANGALHAT,0.03927711827035837
2023,71,GUDIMALKAPUR,0.045812581114311135
2023,70,MEHDIPATNAM,0.03312445051552716
2023,76,MALLEPALLY,0.030817719454065414
2023,62,ZIAGUDA,0.03819262509540404
2023,72,ASIF NAGAR,0.03060935901047736
2023,73,VIJAYANAGAR COLONY,0.03660020603717876
2023,5,MALLAPUR,0.1044282032612696
2023,3,CHERLAPALLY,0.10261535750143157
2023,96,YOUSUFGUDA,0.056300979969037754
2023,95,JUBILEE HILLS,0.04524514359581846
2023,50,BEGUM BAZAR,0.03779075235344847
2023,78,GUNFOUNDRY(Abids),0.04016054194462077
2023,65,KARWAN,0.03569703430280016
2023,2,DR.A.S.RAO NAGAR,0.06748396632299489
2023,4,MEERPET H.B.COLONY,0.0644238842048579
2023,1,KAPRA,0.04535096395227751
2023,94,SHAIKPET,0.041668524346507946
2023,64,DATTATHREYA NAGAR,0.030408435596219797
2023,69,NANALNAGAR,0.15080179155195836
2024,127,RANGAREDDY NAGAR,0.07646175714809929
2024,119,OLD BOWENPALLY,0.03555302616837524
2024,145,SEETHAPHALMANDI,0.032775838405996856
2024,146,BOUDHA NAGAR,0.03385130089129019
2024,147,BANSILALPET,0.038750986442352586
2024,144,METTUGUDA,0.0657088413867149
2024,148,RAMGOPALPET,0.03839539061077266
2024,150,MONDA  MARKET,0.036193326685193615
2024,136,NEREDMET,0.053592006886396974
2024,141,GOUTHAM NAGAR,0.0361329460795695
2024,140,MALKAJGIRI,0.039070605129849195
2024,139,EAST ANAND BAGH,0.07129691726142792
2024,142,ADDAGUTTA,0.054519579120815224
2024,137,VINAYAK NAGAR,0.04441031247433994
2024,134,ALWAL,0.04225225211578646
2024,132,JEEDIMETLA,0.06811888471069534
2024,CONTONMENT AREA,,0.30534746899899273
2024,120,BALA NAGAR,0.18983115136559428
2024,130,SUBHASH NAGAR,0.04816879938093962
2024,131,QUTHBULLAPUR,0.11966085002565599
2024,121,KUKATPALLY,0.03480066149928448
2024,125,GAJULARAMARAM,0.055309308437785414
2024,124,ALLYWN COLONY,0.03685684530230035
2024,114,K.P.H.B.COLONY,0.06785674505255117
2024,116,ALLAPUR,0.05814497015453352
2024,115,BALAJI NAGAR,0.15727469495586804
2024,117,MOOSAPET,0.037653398348484496
2024,105,GACHIBOWLI,0.11891768742217475
2024,110,CHANDANAGAR,0.0672247221754482
2024,111,BHARATHI NAGAR,0.04330924142122263
2024,106,SERILINGAMPALLY,0.07174324648048151
2024,104,KONDAPUR,0.05718238400230347
2024,109,HAFEEZPET,0.038022259718920766
2024,118,FATEH NAGAR,0.0408760461931708
2024,143,TARNAKA,0.061483981121093746
2024,8,HABSIGUDA,0.13360280446244874
2024,40,RIYASATNAGAR,0.03667671047750924
2024,36,LALITHABAGH,0.03930254231405513
2024,34,TALABCHANCHALAM,0.03347089347266632
2024,22,CHAITHANYAPURI,0.04768565182962188
2024,37,KURMAGUDA,0.0337941549575251
2024,31,REIN BAZAR,0.031585259468565274
2024,29,CHAWANI,0.038884430230743026
2024,38,I.S.SADAN,0.037803584472170075
2024,18,LINGOJIGUDA,0.03189462086781326
2024,16,HASTHINAPURAM,0.031678326637586546
2024,20,R.K.PURAM,0.034009339043681294
2024,19,SAROORNAGAR,0.03874881756900045
2024,14,B.N.REDDY NAGAR,0.06748329850517755
2024,12,MANSOORABAD,0.0914498690602676
2024,21,KOTHAPET,0.03770277541525029
2024,11,NAGOLE,0.1333393351870609
2024,10,UPPAL,0.06094961580713674
2024,GRAMPANCHAYAT PEERZADI GUDA,,0.03334913741723997
2024,KALAVANCHA GRAM PANCHAYATH,,0.030114598910771857
2024,13,HAYATHNAGAR,0.047022776041905676
2024,15,VANASTHALIPURAM,0.04276033751570113
2024,26,OLD MALAKPET,0.0440741151130376
2024,17,CHAMPAPET,0.03280752047430829
2024,39,SANTOSH NAGAR,0.03837122121985219
2024,66,LUNGER HOUSE,0.16333589301266638
2024,112,RAMACHANDRAPURAM,0.058109102330401924
2024,128,CHINTAL,0.2074395152654195
2024,126,JAGADGIRI GUTTA,0.043107820034378776
2024,129,SURARAM,0.1470714577976321
2024,133,MACHABOLARUM,0.06716611152511173
2024,138,MOULA-ALI,0.03486846271289039
2024,107,MADHAPUR,0.04975397170526095
2024,OU,,0.25338497510770774
2024,149,BEGUMPET,0.07753462272930975
2024,135,VENKATAPURAM,0.035790233144687364
2024,123,HYDER NAGAR,0.04846734829901484
2024,122,VIVEKANANDA NAGAR COLONY,0.033312164469698806
2024,113,PATANCHERUVU,0.08664134874093132
2024,108,MIYAPUR,0.08508649257988528
2024,41,KANCHANBAGH,0.09271063344213444
2024,7,CHILUKA NAGAR,0.0792988970848162
2024,9,RAMANTHAPUR,0.06199630513894643
2024,25,MOOSARAMBAGH,0.03837999219594528
2024,BANDLA GUDA,,0.05986263224979469
2024,28,AZAMPURA,0.03659805973894879
2024,56,KISHAN BAGH,0.04854589706802764
2024,52,PURANAPOOL,0.031932269646327234
2024,59,MAILARDEVPALLY,0.08578113312896386
2024,46,FALAKNUMA,0.040781885868247915
2024,61,ATTAPUR,0.04139067718441428
2024,60,RAJENDRANAGAR,0.12684652839684438
2024,49,GANSIBAZAR,0.03845881132455727
2024,33,MOGHALPURA,0.031664280853168476
2024,47,NAWABSAHEBKUNTA,0.03554167632703817
2024,58,SHASTRIPURAM,0.035262594502750495
2024,54,JAHANUMA,0.03313342788925357
2024,48,SHALIBANDA,0.03282927073986415
2024,53,DOODBOWLI,0.03379527019377194
2024,55,RAMNASTPURA,0.17832790684831976
2024,43,CHANDRAYANGUTTA,0.04482714895645854
2024,44,UPPUGUDA,0.03435373942014607
2024,35,GOWLIPURA,0.03156187455185632
2024,30,DABEERPURA,0.03947360109263385
2024,32,PATHER GATTI,0.036476440229032125
2024,23,GADDIANNARAM,0.03331850807932428
2024,24,SAIDABAD,0.03991441980251043
2024,27,AKBERBAGH,0.05849597077367327
2024,45,JANGAMMET,0.0405144758465074
2024,42,BARKAS,0.05444960769054263
2024,57,SULEMAN NAGAR,0.06546675346465901
2024,74,AHMED NAGAR,0.08465216730351836
2024,92,VENKATESHWARA COLONY,0.12185618772701912
2024,89,GANDHINAGAR,0.03644219356842319
2024,75,RED HILLS,0.047492619569788466
2024,79,HIMAYATNAGAR,0.03420752472545284
2024,88,BHOLAKPUR,0.034066881941368886
2024,86,MUSHEERABAD,0.04366210343022856
2024,85,ADIKMET,0.03553035322426404
2024,87,RAMNAGAR,0.03909187228653327
2024,90,KAVADIGUDA,0.08359695177360286
2024,93,BANJARA HILLS,0.04336647129818329
2024,91,KHAIRTABAD,0.04514300201848921
2024,103,BORABANDA,0.035037400100292895
2024,97,SOMAJIGUDA,0.039833336995036175
2024,98,AMEERPET,0.047583770799561574
2024,101,ERRAGADDA,0.046293672585410624
2024,100,SANATH NAGAR,0.04186817163819412
2024,99,VENGALRAO NAGAR,0.04730366797267388
2024,102,RAHAMATH NAGAR,0.04074888006876899
2024,6,NACHARAM,0.06781523909494112
2024,84,BAGH AMBERPET,0.049348673118306305
2024,81,NALLAKUNTA,0.03789124883935027
2024,80,KACHIGUDA(Barkathpura),0.03661045784615408
2024,82,GOLNAKA,0.051945088205203785
2024,83,AMBERPET,0.08032581050823105
2024,51,GOSHA MAHAL,0.04065164716184993
2024,68,TOLICHOWKI,0.09429149238236614
2024,67,GOLCONDA,0.09266913799829068
2024,77,JAMBAGH(Nampally),0.03440729164062114
2024,63,MANGALHAT,0.04023687258986697
2024,71,GUDIMALKAPUR,0.04731363430997784
2024,70,MEHDIPATNAM,0.03456305906945987
2024,76,MALLEPALLY,0.032441938333465925
2024,62,ZIAGUDA,0.03989362141398411
2024,72,ASIF NAGAR,0.03267353954739867
2024,73,VIJAYANAGAR COLONY,0.03844599784514164
2024,5,MALLAPUR,0.0880964828700751
2024,3,CHERLAPALLY,0.08251791314337048
2024,96,YOUSUFGUDA,0.0607651300967045
2024,95,JUBILEE HILLS,0.047141225219102946
2024,50,BEGUM BAZAR,0.04113878552417814
2024,78,GUNFOUNDRY(Abids),0.042037268787648484
2024,65,KARWAN,0.037410649865238954
2024,2,DR.A.S.RAO NAGAR,0.0603351702678423
2024,4,MEERPET H.B.COLONY,0.05682447116313952
2024,1,KAPRA,0.04266564818493318
2024,94,SHAIKPET,0.044041624588088864
2024,64,DATTATHREYA NAGAR,0.03273422438396976
2024,69,NANALNAGAR,0.13863479830658232
2025,127,RANGAREDDY NAGAR,0.08685274979199666
2025,119,OLD BOWENPALLY,0.03665695655897262
2025,145,SEETHAPHALMANDI,0.03143383963505381
2025,146,BOUDHA NAGAR,0.03170648696230677
2025,147,BANSILALPET,0.039025637741538256
2025,144,METTUGUDA,0.07613975918657245
2025,148,RAMGOPALPET,0.03832191330176226
2025,150,MONDA  MARKET,0.03525882296090499
2025,136,NEREDMET,0.05655199036687115
2025,141,GOUTHAM NAGAR,0.03553468912121122
2025,140,MALKAJGIRI,0.037267090101986505
2025,139,EAST ANAND BAGH,0.08346031731945103
2025,142,ADDAGUTTA,0.0660470676172099
2025,137,VINAYAK NAGAR,0.04905735725851405
2025,134,ALWAL,0.044278036337573254
2025,132,JEEDIMETLA,0.0707828094204574
2025,CONTONMENT AREA,,0.3762709501461166
2025,120,BALA NAGAR,0.22055161369110537
2025,130,SUBHASH NAGAR,0.0488905190458195
2025,131,QUTHBULLAPUR,0.13864737486426554
2025,121,KUKATPALLY,0.032582808207786584
2025,125,GAJULARAMARAM,0.06292297066491259
2025,124,ALLYWN COLONY,0.036761212532407
2025,114,K.P.H.B.COLONY,0.07313327968065152
2025,116,ALLAPUR,0.06695088568547744
2025,115,BALAJI NAGAR,0.1603467791393454
2025,117,MOOSAPET,0.035758950979758494
2025,105,GACHIBOWLI,0.13171492552635194
2025,110,CHANDANAGAR,0.07053233844394341
2025,111,BHARATHI NAGAR,0.04403655340197392
2025,106,SERILINGAMPALLY,0.08254679584005369
2025,104,KONDAPUR,0.0651582727957305
2025,109,HAFEEZPET,0.03820886333487797
2025,118,FATEH NAGAR,0.04177745521016002
2025,143,TARNAKA,0.06770046829496079
2025,8,HABSIGUDA,0.16479807694904164
2025,40,RIYASATNAGAR,0.0361093541114982
2025,36,LALITHABAGH,0.040831012158381905
2025,34,TALABCHANCHALAM,0.031207102944236714
2025,22,CHAITHANYAPURI,0.047985012419093025
2025,37,KURMAGUDA,0.03257754709890662
2025,31,REIN BAZAR,0.030016801733551285
2025,29,CHAWANI,0.04052540015737629
2025,38,I.S.SADAN,0.03910782882594498
2025,18,LINGOJIGUDA,0.030867075441312033
2025,16,HASTHINAPURAM,0.0316674544655704
2025,20,R.K.PURAM,0.03376377284600813
2025,19,SAROORNAGAR,0.0408529240398559
2025,14,B.N.REDDY NAGAR,0.08357601050470642
2025,12,MANSOORABAD,0.10028018798149929
2025,21,KOTHAPET,0.03843510433825904
2025,11,NAGOLE,0.14051612525588147
2025,10,UPPAL,0.06579111584640535
2025,GRAMPANCHAYAT PEERZADI GUDA,,0.032197698997347896
2025,KALAVANCHA GRAM PANCHAYATH,,0.03065531886057385
2025,13,HAYATHNAGAR,0.05494378956502448
2025,15,VANASTHALIPURAM,0.04458844491594664
2025,26,OLD MALAKPET,0.04665270661054544
2025,17,CHAMPAPET,0.03207663153920693
2025,39,SANTOSH NAGAR,0.03873240125733164
2025,66,LUNGER HOUSE,0.17894297699047304
2025,112,RAMACHANDRAPURAM,0.06246721385204145
2025,128,CHINTAL,0.25365853464875354
2025,126,JAGADGIRI GUTTA,0.046847237557913084
2025,129,SURARAM,0.16253500913775362
2025,133,MACHABOLARUM,0.07158061553612041
2025,138,MOULA-ALI,0.034153658592535975
2025,107,MADHAPUR,0.05407824470330001
2025,OU,,0.3026538460752555
2025,149,BEGUMPET,0.08803030315792526
2025,135,VENKATAPURAM,0.03693668902637831
2025,123,HYDER NAGAR,0.05138141603183638
2025,122,VIVEKANANDA NAGAR COLONY,0.031772943577741394
2025,113,PATANCHERUVU,0.09636731107601776
2025,108,MIYAPUR,0.08848576596793722
2025,41,KANCHANBAGH,0.1405364557270372
2025,7,CHILUKA NAGAR,0.09443133897873067
2025,9,RAMANTHAPUR,0.060165916400967
2025,25,MOOSARAMBAGH,0.03714968135979442
2025,BANDLA GUDA,,0.06471894764226302
2025,28,AZAMPURA,0.036256374638095036
2025,56,KISHAN BAGH,0.04648198102274243
2025,52,PURANAPOOL,0.031011270389219636
2025,59,MAILARDEVPALLY,0.09716131270624433
2025,46,FALAKNUMA,0.05469242401420448
2025,61,ATTAPUR,0.04128543137526682
2025,60,RAJENDRANAGAR,0.14125174069357863
2025,49,GANSIBAZAR,0.0387591144498416
2025,33,MOGHALPURA,0.030879995086880906
2025,47,NAWABSAHEBKUNTA,0.0389441975568591
2025,58,SHASTRIPURAM,0.04009449163876047
2025,54,JAHANUMA,0.03202973263064477
2025,48,SHALIBANDA,0.031827400943802174
2025,53,DOODBOWLI,0.033168152408479486
2025,55,RAMNASTPURA,0.18326576620639448
2025,43,CHANDRAYANGUTTA,0.055671508975945604
2025,44,UPPUGUDA,0.03438059402329953
2025,35,GOWLIPURA,0.030681701544558623
2025,30,DABEERPURA,0.04052870111902123
2025,32,PATHER GATTI,0.03690266851155169
2025,23,GADDIANNARAM,0.03152447039659523
2025,24,SAIDABAD,0.04193203296276831
2025,27,AKBERBAGH,0.06939153465919101
2025,45,JANGAMMET,0.04186350856357478
2025,42,BARKAS,0.08165731414130291
2025,57,SULEMAN NAGAR,0.08102539696591678
2025,74,AHMED NAGAR,0.09558879529019997
2025,92,VENKATESHWARA COLONY,0.131491456949332
2025,89,GANDHINAGAR,0.03540509463180302
2025,75,RED HILLS,0.049715688604898944
2025,79,HIMAYATNAGAR,0.03375183117706072
2025,88,BHOLAKPUR,0.03257779191580752
2025,86,MUSHEERABAD,0.04980907386772719
2025,85,ADIKMET,0.03407652979027757
2025,87,RAMNAGAR,0.03963685470415623
2025,90,KAVADIGUDA,0.09320256450009241
2025,93,BANJARA HILLS,0.04490400676776197
2025,91,KHAIRTABAD,0.04661964430243766
2025,103,BORABANDA,0.03364608718057298
2025,97,SOMAJIGUDA,0.04099341887487907
2025,98,AMEERPET,0.04571694954944074
2025,101,ERRAGADDA,0.047560367995728284
2025,100,SANATH NAGAR,0.04275652739680491
2025,99,VENGALRAO NAGAR,0.04899518259075784
2025,102,RAHAMATH NAGAR,0.04459387490494472
2025,6,NACHARAM,0.077585019852124
2025,84,BAGH AMBERPET,0.050030372549357556
2025,81,NALLAKUNTA,0.036852744773263016
2025,80,KACHIGUDA(Barkathpura),0.03553348804499853
2025,82,GOLNAKA,0.05691706807278534
2025,83,AMBERPET,0.0896611193622209
2025,51,GOSHA MAHAL,0.04086550705307271
2025,68,TOLICHOWKI,0.11032000329399683
2025,67,GOLCONDA,0.1016347424108022
2025,77,JAMBAGH(Nampally),0.034304454307176865
2025,63,MANGALHAT,0.0447627579848676
2025,71,GUDIMALKAPUR,0.05294853750147103
2025,70,MEHDIPATNAM,0.03317734032877389
2025,76,MALLEPALLY,0.031560959476153165
2025,62,ZIAGUDA,0.04127064582947792
2025,72,ASIF NAGAR,0.031226247321263063
2025,73,VIJAYANAGAR COLONY,0.03709441191685139
2025,5,MALLAPUR,0.10685889464849961
2025,3,CHERLAPALLY,0.09879841724682799
2025,96,YOUSUFGUDA,0.06802154297935468
2025,95,JUBILEE HILLS,0.04866892358746307
2025,50,BEGUM BAZAR,0.043106838610137824
2025,78,GUNFOUNDRY(Abids),0.0444390332922739
2025,65,KARWAN,0.03747165335826802
2025,2,DR.A.S.RAO NAGAR,0.07259450206139757
2025,4,MEERPET H.B.COLONY,0.06864693984751379
2025,1,KAPRA,0.046877716445548216
2025,94,SHAIKPET,0.04692851660928518
2025,64,DATTATHREYA NAGAR,0.031712639821210316
2025,69,NANALNAGAR,0.15399675636971183
2026,127,RANGAREDDY NAGAR,0.07448607536776632
2026,119,OLD BOWENPALLY,0.053747714733393855
2026,145,SEETHAPHALMANDI,0.03145109683397561
2026,146,BOUDHA NAGAR,0.03198002419135801
2026,147,BANSILALPET,0.036362101559656065
2026,144,METTUGUDA,0.05873083624241171
2026,148,RAMGOPALPET,0.03561710830558802
2026,150,MONDA  MARKET,0.03456905595029362
2026,136,NEREDMET,0.050333464374107885
2026,141,GOUTHAM NAGAR,0.03450035924728289
2026,140,MALKAJGIRI,0.0378283238082419
2026,139,EAST ANAND BAGH,0.0676888431725165
2026,142,ADDAGUTTA,0.051284374615372025
2026,137,VINAYAK NAGAR,0.05151821189460858
2026,134,ALWAL,0.04900406008010319
2026,132,JEEDIMETLA,0.06133635783174255
2026,CONTONMENT AREA,,0.2650105719329717
2026,120,BALA NAGAR,0.1803657701109616
2026,130,SUBHASH NAGAR,0.04439626525582508
2026,131,QUTHBULLAPUR,0.1145234952509873
2026,121,KUKATPALLY,0.033524096673249244
2026,125,GAJULARAMARAM,0.05344952184619559
2026,124,ALLYWN COLONY,0.03607030798928726
2026,114,K.P.H.B.COLONY,0.05507414948839158
2026,116,ALLAPUR,0.052472877343895746
2026,115,BALAJI NAGAR,0.12668331771225247
2026,117,MOOSAPET,0.03482038703293996
2026,105,GACHIBOWLI,0.09901830979047861
2026,110,CHANDANAGAR,0.06407259334773913
2026,111,BHARATHI NAGAR,0.04414479972803639
2026,106,SERILINGAMPALLY,0.06871680037312694
2026,104,KONDAPUR,0.05457176648248478
2026,109,HAFEEZPET,0.035765673377250666
2026,118,FATEH NAGAR,0.03813485069720235
2026,143,TARNAKA,0.06090475208251218
2026,8,HABSIGUDA,0.13203088419990497
2026,40,RIYASATNAGAR,0.03445369115243827
2026,36,LALITHABAGH,0.039327374848199675
2026,34,TALABCHANCHALAM,0.03205585933627663
2026,22,CHAITHANYAPURI,0.04407122648648388
2026,37,KURMAGUDA,0.0320955480636194
2026,31,REIN BAZAR,0.03047750387687069
2026,29,CHAWANI,0.034574293982825334
2026,38,I.S.SADAN,0.03908702605549204
2026,18,LINGOJIGUDA,0.030801956667277797
2026,16,HASTHINAPURAM,0.0311192573092672
2026,20,R.K.PURAM,0.032692128060808845
2026,19,SAROORNAGAR,0.03570776700763614
2026,14,B.N.REDDY NAGAR,0.0728939338579543
2026,12,MANSOORABAD,0.08979705801469519
2026,21,KOTHAPET,0.03719722289513618
2026,11,NAGOLE,0.12047928747714504
2026,10,UPPAL,0.0486164308825288
2026,GRAMPANCHAYAT PEERZADI GUDA,,0.03161292914202632
2026,KALAVANCHA GRAM PANCHAYATH,,0.030583973154101572
2026,13,HAYATHNAGAR,0.052374244362003386
2026,15,VANASTHALIPURAM,0.03853476095522264
2026,26,OLD MALAKPET,0.04310875997499524
2026,17,CHAMPAPET,0.0314375971012987
2026,39,SANTOSH NAGAR,0.03555370942724272
2026,66,LUNGER HOUSE,0.13755629142262718
2026,112,RAMACHANDRAPURAM,0.04776610650285923
2026,128,CHINTAL,0.22072107710266597
2026,126,JAGADGIRI GUTTA,0.056478421982428605
2026,129,SURARAM,0.14564895742018508
2026,133,MACHABOLARUM,0.06094199656640165
2026,138,MOULA-ALI,0.03329646588965097
2026,107,MADHAPUR,0.04401943981262955
2026,OU,,0.21512878854035153
2026,149,BEGUMPET,0.07485704251637716
2026,135,VENKATAPURAM,0.036345935506799903
2026,123,HYDER NAGAR,0.04632376341767701
2026,122,VIVEKANANDA NAGAR COLONY,0.03246988488529556
2026,113,PATANCHERUVU,0.08345199709540342
2026,108,MIYAPUR,0.07704159005803689
2026,41,KANCHANBAGH,0.09403805366651229
2026,7,CHILUKA NAGAR,0.07049976248060344
2026,9,RAMANTHAPUR,0.05101891864753238
2026,25,MOOSARAMBAGH,0.03547114188077202
2026,BANDLA GUDA,,0.05400982059832998
2026,28,AZAMPURA,0.034384359473882575
2026,56,KISHAN BAGH,0.04644920371448552
2026,52,PURANAPOOL,0.031478730924685366
2026,59,MAILARDEVPALLY,0.0741649591063784
2026,46,FALAKNUMA,0.042019096315215755
2026,61,ATTAPUR,0.04026183844011136
2026,60,RAJENDRANAGAR,0.12004760013230527
2026,49,GANSIBAZAR,0.03755605248926856
2026,33,MOGHALPURA,0.030404278966543852
2026,47,NAWABSAHEBKUNTA,0.03601174533654887
2026,58,SHASTRIPURAM,0.03643677228380637
2026,54,JAHANUMA,0.032368190692808635
2026,48,SHALIBANDA,0.03149085565363896
2026,53,DOODBOWLI,0.03257589978204957
2026,55,RAMNASTPURA,0.15670829638124006
2026,43,CHANDRAYANGUTTA,0.04486971897852858
2026,44,UPPUGUDA,0.03370637354487178
2026,35,GOWLIPURA,0.030634080318797708
2026,30,DABEERPURA,0.03710660631144565
2026,32,PATHER GATTI,0.03622695036535452
2026,23,GADDIANNARAM,0.03125252282290727
2026,24,SAIDABAD,0.039543252129160655
2026,27,AKBERBAGH,0.05813682809551701
2026,45,JANGAMMET,0.036764635682312606
2026,42,BARKAS,0.058857932278516704
2026,57,SULEMAN NAGAR,0.06233003703446172
2026,74,AHMED NAGAR,0.07274038787296302
2026,92,VENKATESHWARA COLONY,0.10529712791861284
2026,89,GANDHINAGAR,0.03457742244711995
2026,75,RED HILLS,0.04522384615269127
2026,79,HIMAYATNAGAR,0.03287620788657667
2026,88,BHOLAKPUR,0.03258792703939374
2026,86,MUSHEERABAD,0.03763427694838023
2026,85,ADIKMET,0.033220011676312944
2026,87,RAMNAGAR,0.035967555413936474
2026,90,KAVADIGUDA,0.07562892206644392
2026,93,BANJARA HILLS,0.040141784922147934
2026,91,KHAIRTABAD,0.045469516552514154
2026,103,BORABANDA,0.034265660975627485
2026,97,SOMAJIGUDA,0.03823938194579511
2026,98,AMEERPET,0.03866715428424351
2026,101,ERRAGADDA,0.04202111363775916
2026,100,SANATH NAGAR,0.03963925502941956
2026,99,VENGALRAO NAGAR,0.04439901271473896
2026,102,RAHAMATH NAGAR,0.040368342775064285
2026,6,NACHARAM,0.0724903502378253
2026,84,BAGH AMBERPET,0.0410911215871396
2026,81,NALLAKUNTA,0.03459279728755347
2026,80,KACHIGUDA(Barkathpura),0.034288214507387844
2026,82,GOLNAKA,0.04851501607674885
2026,83,AMBERPET,0.06505231875871342
2026,51,GOSHA MAHAL,0.036607724218485044
2026,68,TOLICHOWKI,0.08112940142668433
2026,67,GOLCONDA,0.07731284857704586
2026,77,JAMBAGH(Nampally),0.032744569850001376
2026,63,MANGALHAT,0.03821759073483012
2026,71,GUDIMALKAPUR,0.04492893654496075
2026,70,MEHDIPATNAM,0.03350571118359512
2026,76,MALLEPALLY,0.03143929325388727
2026,62,ZIAGUDA,0.039539323779224166
2026,72,ASIF NAGAR,0.03176763804957438
2026,73,VIJAYANAGAR COLONY,0.0360530061446683
2026,5,MALLAPUR,0.08176806828269194
2026,3,CHERLAPALLY,0.0789759009298426
2026,96,YOUSUFGUDA,0.05293085649888846
2026,95,JUBILEE HILLS,0.044803261171658254
2026,50,BEGUM BAZAR,0.03985511685634002
2026,78,GUNFOUNDRY(Abids),0.038414346193771
2026,65,KARWAN,0.035533072292158296
2026,2,DR.A.S.RAO NAGAR,0.06208755224053493
2026,4,MEERPET H.B.COLONY,0.055392603468358455
2026,1,KAPRA,0.04319104236075341
2026,94,SHAIKPET,0.04176651361893969
2026,64,DATTATHREYA NAGAR,0.03173718244014263
2026,69,NANALNAGAR,0.12267374911532218
