ward_no,ward_name,zone,ndvi_change,lst_change_c,heat_risk_score
115,BALAJI NAGAR,KUKATPALLY ZONE,-0.0853994088243091,1.5175497156403708,2.371543803883462
99,VENGALRAO NAGAR,SERILINGAMPALLY ZONE,-0.049887491772029086,1.4046900781090272,1.9035649958293182
116,ALLAPUR,KUKATPALLY ZONE,-0.0652812165514747,1.2327119590277746,1.8855241245425216
68,TOLICHOWKI,KHAIRATHABAD ZONE,-0.08758773753811502,0.8200150282092764,1.6958924035904266
112,RAMACHANDRAPURAM,SERILINGAMPALLY ZONE,-0.07356756369827759,0.8696219265642853,1.6052975635470612
92,VENKATESHWARA COLONY,KHAIRATHABAD ZONE,-0.06481741070796479,0.9206497250325327,1.5688238321121806
96,YOUSUFGUDA,SERILINGAMPALLY ZONE,-0.0343875549142279,1.1358913848430987,1.4797669339853776
120,BALA NAGAR,KUKATPALLY ZONE,-0.0706166426870313,0.7500653951215881,1.456231821991901
118,FATEH NAGAR,KUKATPALLY ZONE,-0.034118805687549394,1.0346426164162494,1.3758306732917434
67,GOLCONDA,KHAIRATHABAD ZONE,-0.0611376118454888,0.7278307047344441,1.3392068231893322
113,PATANCHERUVU,SERILINGAMPALLY ZONE,-0.0972182120951004,0.33354506516673155,1.3057271861177355
66,LUNGER HOUSE,KHAIRATHABAD ZONE,-0.0786680481648463,0.4409639944722983,1.2276444761207612
69,NANALNAGAR,KHAIRATHABAD ZONE,-0.06751105112656189,0.501804200332046,1.1769147115976648
110,CHANDANAGAR,SERILINGAMPALLY ZONE,-0.05848857875358379,0.5680597794500457,1.1529455669858837
124,ALLYWN COLONY,KUKATPALLY ZONE,-0.05833580101148861,0.533397204485496,1.116755214600382
101,ERRAGADDA,SERILINGAMPALLY ZONE,-0.035800547411520695,0.7390983222332821,1.097103796348489
108,MIYAPUR,SERILINGAMPALLY ZONE,-0.06890373219020929,0.3950273135480842,1.084064635450177
95,JUBILEE HILLS,KHAIRATHABAD ZONE,-0.046621924809828685,0.589255766088165,1.055475014186452
149,BEGUMPET,SECUNDERABAD ZONE,-0.044399291756669595,0.5763418776899414,1.0203347952566373
107,MADHAPUR,SERILINGAMPALLY ZONE,-0.0807850664443436,0.20119507730502306,1.009045741748459
59,MAILARDEVPALLY,CHARMINAR ZONE,-0.0846661229800448,0.12790551700145159,0.9745667468018997
117,MOOSAPET,KUKATPALLY ZONE,-0.0199079320082379,0.7486941923904524,0.9477735124728315
74,AHMED NAGAR,KHAIRATHABAD ZONE,-0.051500262441284,0.4282933637921431,0.9432959882049832
1,KAPRA,L.B.NAGAR ZONE,-0.06625906194413309,0.22395122392284605,0.886541843364177
125,GAJULARAMARAM,KUKATPALLY ZONE,-0.06035683244457729,0.24213080531781372,0.8456991297635866
98,AMEERPET,KHAIRATHABAD ZONE,-0.0278695445796161,0.4956825463844723,0.7743779921806333
61,ATTAPUR,CHARMINAR ZONE,-0.07513990026497878,0.002284465504452271,0.7536834681542401
10,UPPAL,L.B.NAGAR ZONE,-0.11589350714773719,-0.5055289833746883,0.6534060881026835
70,MEHDIPATNAM,KHAIRATHABAD ZONE,-0.028983988845372996,0.3418062101961894,0.6316460986499194
42,BARKAS,CHARMINAR ZONE,-0.061878563224639194,0.007481188586758947,0.6262668208331509
55,RAMNASTPURA,CHARMINAR ZONE,0.02153744114108269,0.7919617493186166,0.5765873379077897
94,SHAIKPET,KHAIRATHABAD ZONE,-0.044794786675537004,0.07691166431205687,0.5248595310674269
41,KANCHANBAGH,CHARMINAR ZONE,-0.11335908791247268,-0.6222010126348962,0.5113898664898304
93,BANJARA HILLS,KHAIRATHABAD ZONE,-0.03218667401456579,0.16881646850639243,0.49068320865205034
102,RAHAMATH NAGAR,SERILINGAMPALLY ZONE,-0.023197344289759197,0.2168792104002648,0.4488526532978568
129,SURARAM,KUKATPALLY ZONE,-0.06496605891666651,-0.22562281684596996,0.42403777232069517
5,MALLAPUR,L.B.NAGAR ZONE,-0.08656076623498818,-0.4494531522524099,0.41615451009747195
105,GACHIBOWLI,SERILINGAMPALLY ZONE,-0.09989651631654228,-0.610302937487333,0.38866222567808983
121,KUKATPALLY,KUKATPALLY ZONE,-0.0403114385099714,-0.055562198007017116,0.3475521870926969
57,SULEMAN NAGAR,CHARMINAR ZONE,-0.05689542123782659,-0.23387677882876545,0.3350774335495005
60,RAJENDRANAGAR,CHARMINAR ZONE,-0.09172889156639671,-0.602818354196188,0.3144705614677792
114,K.P.H.B.COLONY,KUKATPALLY ZONE,-0.04333312278060761,-0.13467199626021653,0.29865923154585955
126,JAGADGIRI GUTTA,KUKATPALLY ZONE,-0.034380985479330814,-0.049121463916350194,0.294688390876958
123,HYDER NAGAR,KUKATPALLY ZONE,-0.036150348690981604,-0.08803814026333612,0.2734653466464799
58,SHASTRIPURAM,CHARMINAR ZONE,-0.0633789803923151,-0.41296696031876934,0.22082284360438165
127,RANGAREDDY NAGAR,KUKATPALLY ZONE,-0.011452173143253613,0.10214062764003273,0.21666235907256887
71,GUDIMALKAPUR,KHAIRATHABAD ZONE,-0.0409397711959133,-0.20192261244381626,0.20747509951531673
100,SANATH NAGAR,KHAIRATHABAD ZONE,-0.026272250796680607,-0.06252990874754971,0.20019259921925636
104,KONDAPUR,SERILINGAMPALLY ZONE,-0.07208908703277939,-0.567032736994463,0.15385813333333087
122,VIVEKANANDA NAGAR COLONY,KUKATPALLY ZONE,-0.016107657101653794,-0.024662060444597955,0.13641451057193998
139,EAST ANAND BAGH,SECUNDERABAD ZONE,-0.06819060022046461,-0.5550892094619684,0.12681679274267776
3,CHERLAPALLY,L.B.NAGAR ZONE,-0.08050822565253071,-0.690508235954276,0.11457402057103105
8,HABSIGUDA,L.B.NAGAR ZONE,-0.087717402437339,-0.7654459553218373,0.11172806905155264
2,DR.A.S.RAO NAGAR,L.B.NAGAR ZONE,-0.06075306014852719,-0.5042638542218896,0.10326674726338236
144,METTUGUDA,SECUNDERABAD ZONE,-0.060722036699141724,-0.6287555441236208,-0.021535177132203542
83,AMBERPET,SECUNDERABAD ZONE,-0.09140757698026938,-0.9463283482859097,-0.03225257848321594
9,RAMANTHAPUR,L.B.NAGAR ZONE,-0.091082541733965,-0.9443109621904355,-0.033485544850785476
106,SERILINGAMPALLY,SERILINGAMPALLY ZONE,-0.0894751243117132,-0.9421991759251611,-0.04744793280802906
4,MEERPET H.B.COLONY,L.B.NAGAR ZONE,-0.0902662424117156,-0.9964496998482844,-0.09378727573112833
142,ADDAGUTTA,SECUNDERABAD ZONE,-0.05157986218217889,-0.6237553265986691,-0.10795670477688013
46,FALAKNUMA,CHARMINAR ZONE,-0.0461738651055439,-0.5703161395090959,-0.10857748845365689
103,BORABANDA,SERILINGAMPALLY ZONE,-0.01756752529870409,-0.29529535794038964,-0.11962010495334874
119,OLD BOWENPALLY,KUKATPALLY ZONE,-0.016914298184658283,-0.3341806217675085,-0.16503763992092568
131,QUTHBULLAPUR,KUKATPALLY ZONE,-0.0427875074904073,-0.5953248651896814,-0.1674497902856084
7,CHILUKA NAGAR,L.B.NAGAR ZONE,-0.0739963011872947,-0.9344976418922712,-0.19453463001932425
65,KARWAN,KHAIRATHABAD ZONE,-0.047245418855881086,-0.7262115221980565,-0.2537573336392457
73,VIJAYANAGAR COLONY,KHAIRATHABAD ZONE,-0.019318019713684492,-0.45584611076231596,-0.26266591362547104
136,NEREDMET,SECUNDERABAD ZONE,-0.04858054103708381,-0.7609302988489404,-0.27512488847810224
6,NACHARAM,L.B.NAGAR ZONE,-0.038872655899490016,-0.6664039921364804,-0.2776774331415802
26,OLD MALAKPET,CHARMINAR ZONE,-0.04981299441424822,-0.8097127964940185,-0.3115828523515363
109,HAFEEZPET,SERILINGAMPALLY ZONE,-0.0598648834576493,-0.9424476294071837,-0.34379879483069076
45,JANGAMMET,CHARMINAR ZONE,-0.04314979042997688,-0.8682884198322398,-0.436790515532471
135,VENKATAPURAM,KUKATPALLY ZONE,-0.046701752448323114,-0.9342430957281067,-0.46722557124487557
47,NAWABSAHEBKUNTA,CHARMINAR ZONE,-0.021751391295280795,-0.7675766717792527,-0.5500627588264447
53,DOODBOWLI,CHARMINAR ZONE,-0.035831992100516796,-0.9215559462630196,-0.5632360252578517
76,MALLEPALLY,KHAIRATHABAD ZONE,-0.013050501582140203,-0.69990691096055,-0.569401895139148
62,ZIAGUDA,KHAIRATHABAD ZONE,-0.0367273803238205,-0.9659901225802727,-0.5987163193420677
72,ASIF NAGAR,KHAIRATHABAD ZONE,-0.023889809965500497,-0.8492978199623806,-0.6103997203073757
97,SOMAJIGUDA,KHAIRATHABAD ZONE,-0.022192445102586514,-0.8347436233710965,-0.6128191723452314
138,MOULA-ALI,SECUNDERABAD ZONE,-0.045450493497040306,-1.098492811691429,-0.6439878767210259
63,MANGALHAT,KHAIRATHABAD ZONE,-0.043748045791173196,-1.2260870277022775,-0.7886065697905456
91,KHAIRTABAD,KHAIRATHABAD ZONE,-0.010036647625015598,-0.9359062644731324,-0.8355397882229765
111,BHARATHI NAGAR,SERILINGAMPALLY ZONE,-0.034399103325046504,-1.2087962959992282,-0.8648052627487632
87,RAMNAGAR,SECUNDERABAD ZONE,-0.031898966400985704,-1.1859345296675627,-0.8669448656577057
128,CHINTAL,KUKATPALLY ZONE,-0.015310616981113218,-1.0207072958236552,-0.8676011260125229
28,AZAMPURA,CHARMINAR ZONE,-0.03919956285306708,-1.2823895403395937,-0.8903939118089229
51,GOSHA MAHAL,KHAIRATHABAD ZONE,-0.0450004496648153,-1.4461060215201726,-0.9961015248720196
48,SHALIBANDA,CHARMINAR ZONE,-0.024551366625556,-1.2625448719032306,-1.0170312056476707
137,VINAYAK NAGAR,SECUNDERABAD ZONE,-0.017971710783613704,-1.2273144820967161,-1.047597374260579
134,ALWAL,KUKATPALLY ZONE,-0.027710584807582594,-1.3265454861785742,-1.0494396381027482
150,MONDA  MARKET,SECUNDERABAD ZONE,-0.018133564531278706,-1.238349803525324,-1.057014158212537
54,JAHANUMA,CHARMINAR ZONE,-0.02512601734664381,-1.3114859341295286,-1.0602257606630905
75,RED HILLS,KHAIRATHABAD ZONE,-0.02559721426516348,-1.354425119253385,-1.0984529766017501
84,BAGH AMBERPET,SECUNDERABAD ZONE,-0.045716094114213596,-1.570429618264292,-1.113268677122156
140,MALKAJGIRI,SECUNDERABAD ZONE,-0.02342493589697528,-1.347661765672818,-1.1134124067030653
33,MOGHALPURA,CHARMINAR ZONE,-0.02392970028996759,-1.3586590768122093,-1.1193620739125334
38,I.S.SADAN,CHARMINAR ZONE,-0.030574437845107508,-1.4459241201350537,-1.1401797416839785
148,RAMGOPALPET,SECUNDERABAD ZONE,-0.011184498274612112,-1.2606680068367098,-1.1488230240905886
82,GOLNAKA,SECUNDERABAD ZONE,-0.0446087471521896,-1.6216853641955566,-1.1755978926736605
11,NAGOLE,L.B.NAGAR ZONE,-0.11407541319875028,-2.3620673992988586,-1.2213132673113558
143,TARNAKA,SECUNDERABAD ZONE,-0.05029224461303661,-1.7357267997084236,-1.2328043535780575
56,KISHAN BAGH,CHARMINAR ZONE,-0.0378613705711138,-1.6318623838792377,-1.2532486781680996
86,MUSHEERABAD,SECUNDERABAD ZONE,-0.03716958846598831,-1.6489113505446014,-1.2772154658847183
78,GUNFOUNDRY(Abids),KHAIRATHABAD ZONE,-0.026105445710189287,-1.5644701263254959,-1.303415669223603
35,GOWLIPURA,CHARMINAR ZONE,-0.029866882678721812,-1.6349600479547632,-1.336291221167545
43,CHANDRAYANGUTTA,CHARMINAR ZONE,-0.0568635133763198,-1.9138716189419611,-1.3452364851787633
133,MACHABOLARUM,KUKATPALLY ZONE,-0.0659227263824877,-2.0149371086983194,-1.3557098448734424
141,GOUTHAM NAGAR,SECUNDERABAD ZONE,-0.033489797281520906,-1.7040292322867145,-1.3691312594715055
39,SANTOSH NAGAR,CHARMINAR ZONE,-0.040850553058247,-1.8084144067450154,-1.3999088761625453
50,BEGUM BAZAR,KHAIRATHABAD ZONE,-0.0161456523117951,-1.637459620818987,-1.476003097701036
49,GANSIBAZAR,CHARMINAR ZONE,-0.011648625686764794,-1.6063416318956314,-1.4898553750279835
30,DABEERPURA,CHARMINAR ZONE,-0.023996577522995194,-1.737594675007557,-1.497628899777605
27,AKBERBAGH,CHARMINAR ZONE,-0.037505984230413125,-1.9109480842272717,-1.5358882419231406
52,PURANAPOOL,CHARMINAR ZONE,-0.024207625626975607,-1.7792018498050552,-1.5371255935352992
40,RIYASATNAGAR,CHARMINAR ZONE,-0.04156705246856371,-1.973743937398396,-1.558073412712759
77,JAMBAGH(Nampally),KHAIRATHABAD ZONE,-0.02023400992607781,-1.785650384058009,-1.583310284797231
81,NALLAKUNTA,SECUNDERABAD ZONE,-0.02642903106724899,-1.8696058040120676,-1.6053154933395777
29,CHAWANI,CHARMINAR ZONE,-0.0349367973601581,-1.9850130996648971,-1.635645126063316
36,LALITHABAGH,CHARMINAR ZONE,-0.037423056833568,-2.0104398114743915,-1.6362092431387114
130,SUBHASH NAGAR,KUKATPALLY ZONE,-0.0301578724702202,-1.9841154323940131,-1.6825367076918112
24,SAIDABAD,CHARMINAR ZONE,-0.031549258561807486,-2.0164275726683556,-1.7009349870502808
21,KOTHAPET,L.B.NAGAR ZONE,-0.05768139030118559,-2.285801235324662,-1.7089873323128062
64,DATTATHREYA NAGAR,KHAIRATHABAD ZONE,-0.024689252657089905,-2.055919795928709,-1.80902726935781
132,JEEDIMETLA,KUKATPALLY ZONE,-0.0790153806287246,-2.6302255544894493,-1.8400717482022033
25,MOOSARAMBAGH,CHARMINAR ZONE,-0.0316505347820604,-2.238570484784937,-1.922065136964333
147,BANSILALPET,SECUNDERABAD ZONE,-0.019311974009243282,-2.1218875305598104,-1.9287677904673775
44,UPPUGUDA,CHARMINAR ZONE,-0.0456979473821211,-2.3869123091336917,-1.9299328353124807
80,KACHIGUDA(Barkathpura),SECUNDERABAD ZONE,-0.012377513140233498,-2.116235014098514,-1.992459882696179
12,MANSOORABAD,L.B.NAGAR ZONE,-0.0866326495667466,-2.906423324558645,-2.040096828891179
32,PATHER GATTI,CHARMINAR ZONE,-0.012698065284111701,-2.189649096367937,-2.06266844352682
85,ADIKMET,SECUNDERABAD ZONE,-0.030088836318033302,-2.406807711366433,-2.1059193481861
79,HIMAYATNAGAR,SECUNDERABAD ZONE,-0.016214776221695593,-2.329211960702672,-2.167064198485716
13,HAYATHNAGAR,L.B.NAGAR ZONE,-0.09600519796232687,-3.1693680870889978,-2.209316107465729
89,GANDHINAGAR,SECUNDERABAD ZONE,-0.02099070800277679,-2.437751138168025,-2.227844058140257
146,BOUDHA NAGAR,SECUNDERABAD ZONE,-0.0187910586557863,-2.4541830978018098,-2.2662725112439466
19,SAROORNAGAR,L.B.NAGAR ZONE,-0.03443947801155341,-2.623064132875612,-2.278669352760078
34,TALABCHANCHALAM,CHARMINAR ZONE,-0.018591310993658003,-2.516254458867749,-2.330341348931169
22,CHAITHANYAPURI,L.B.NAGAR ZONE,-0.045491781034232806,-2.7956237196196767,-2.340705909277349
145,SEETHAPHALMANDI,SECUNDERABAD ZONE,-0.0211887939457574,-2.5538483876923763,-2.3419604482348024
18,LINGOJIGUDA,L.B.NAGAR ZONE,-0.0524163301881307,-2.8993595619873958,-2.3751962601060885
90,KAVADIGUDA,SECUNDERABAD ZONE,-0.0320929371807985,-2.6989834111696354,-2.3780540393616505
23,GADDIANNARAM,L.B.NAGAR ZONE,-0.022181336454277,-2.7159950673519972,-2.494181702809227
16,HASTHINAPURAM,L.B.NAGAR ZONE,-0.08409137695674439,-3.4126784730319386,-2.5717647034644946
17,CHAMPAPET,L.B.NAGAR ZONE,-0.043043565080069804,-3.0395941909866693,-2.6091585401859714
88,BHOLAKPUR,SECUNDERABAD ZONE,-0.009644678701456702,-2.711195267504749,-2.614748480490182
37,KURMAGUDA,CHARMINAR ZONE,-0.025587852426704596,-2.9000458471579194,-2.6441673228908735
14,B.N.REDDY NAGAR,L.B.NAGAR ZONE,-0.0874128964414323,-3.5335256668441275,-2.6593967024298046
20,R.K.PURAM,L.B.NAGAR ZONE,-0.0371773305613424,-3.103293313197952,-2.731520007584528
31,REIN BAZAR,CHARMINAR ZONE,-0.0180789084348461,-2.9891795444804146,-2.8083904601319536
15,VANASTHALIPURAM,L.B.NAGAR ZONE,-0.0739064646159522,-3.659681619351069,-2.9206169731915472
